{"stats":{"minecraft:used":{"minecraft:rotten_flesh":1,"minecraft:red_bed":1},"minecraft:killed_by":{"minecraft:player":1},"minecraft:custom":{"minecraft:time_since_rest":1,"minecraft:crouch_one_cm":15,"minecraft:deaths":1,"minecraft:play_time":11402,"minecraft:sprint_one_cm":5401,"tombstone:undead_killed":1,"minecraft:damage_taken":419,"minecraft:walk_one_cm":57128,"minecraft:sneak_time":104,"minecraft:walk_under_water_one_cm":2677,"minecraft:mob_kills":1,"minecraft:drop":5,"minecraft:jump":139,"minecraft:damage_dealt":211,"minecraft:leave_game":3,"minecraft:walk_on_water_one_cm":366,"minecraft:time_since_death":1825,"minecraft:total_world_time":11402,"minecraft:swim_one_cm":1018,"minecraft:fall_one_cm":1254,"minecraft:fly_one_cm":27611},"minecraft:mined":{"minecraft:ice":1},"minecraft:dropped":{"mca:book_romance":1,"alexsmobs:animal_dictionary":1,"minecraft:white_wool":1,"minecraft:bone":2},"minecraft:killed":{"minecraft:zombie":1},"minecraft:picked_up":{"minecraft:bone":2,"minecraft:rotten_flesh":1,"minecraft:white_wool":1,"minecraft:red_bed":1}},"DataVersion":3465}