{"stats":{"minecraft:dropped":{"sophisticatedbackpacks:iron_backpack":1,"minecraft:blackstone":4,"minecraft:cobbled_deepslate":4,"artifacts:aqua_dashers":1,"minecraft:tuff":10,"mores:amethyst_chestplate":1,"minecraft:apple":121,"mores:amethyst_boots":1,"minecraft:iron_horse_armor":1,"mores:amethyst_axe":1,"minecraft:saddle":1,"minecraft:birch_fence":2,"mores:amethyst_leggings":1,"mores:amethyst_sword":1,"vampirism:vampire_fang":2,"mores:amethyst_pickaxe":1,"mores:amethyst_shield":1,"artifacts:crystal_heart":2,"minecraft:spruce_log":128,"mores:amethyst_helmet":1},"minecraft:crafted":{"minecraft:crafting_table":1,"minecraft:spruce_planks":20},"minecraft:killed":{"vampirism:vampire":2,"vampirism:hunter":1,"minecraft:skeleton":5,"minecraft:zombie":3},"minecraft:custom":{"minecraft:interact_with_furnace":1,"minecraft:mob_kills":12,"vampirism:killed_with_stake":1,"minecraft:interact_with_crafting_table":4,"minecraft:leave_game":3,"minecraft:time_since_death":52368,"minecraft:sleep_in_bed":1,"minecraft:climb_one_cm":4085,"vampirism:actions_used":2,"minecraft:time_since_rest":5725,"minecraft:sprint_one_cm":121198,"minecraft:damage_taken":494,"minecraft:walk_one_cm":105573,"minecraft:drop":33,"vampirism:skills_unlocked":4,"minecraft:damage_dealt":2879,"vampirism:action_used_disguise_hunter":2,"minecraft:swim_one_cm":1042,"minecraft:fly_one_cm":182097,"minecraft:player_kills":1,"minecraft:open_chest":11,"minecraft:crouch_one_cm":3182,"minecraft:play_time":55248,"tombstone:undead_killed":8,"minecraft:deaths":1,"minecraft:sneak_time":825,"minecraft:walk_under_water_one_cm":768,"minecraft:jump":639,"vampirism:action_time_disguise_hunter":200,"minecraft:walk_on_water_one_cm":2738,"minecraft:total_world_time":55248,"vampirism:interact_with_injection_chair":5,"minecraft:fall_one_cm":26876,"minecraft:horse_one_cm":9025},"minecraft:used":{"epicpaladins:cryorium_sword":38,"epicpaladins:cryorium_pickaxe":54,"minecraft:spruce_planks":10,"epicpaladins:cryorium_axe":21,"minecraft:torch":40,"minecraft:crafting_table":1,"vampirism:stake":1,"minecraft:birch_fence":1,"minecraft:bread":9,"tombstone:gift":1,"minecraft:experience_bottle":370},"minecraft:mined":{"minecraft:spruce_planks":4,"minecraft:yellow_wall_banner":1,"minecraft:spruce_fence":4,"minecraft:dead_bush":1,"minecraft:rose_bush":1,"minecraft:spruce_stairs":3,"minecraft:cobblestone_wall":4,"minecraft:spruce_log":5,"minecraft:stripped_spruce_log":3,"minecraft:grass":1,"minecraft:stone":48,"minecraft:birch_fence":1,"minecraft:fern":4},"minecraft:picked_up":{"minecraft:wheat":10,"minecraft:lead":2,"minecraft:bone":2,"minecraft:birch_fence":3,"vampirism:human_heart":1,"minecraft:apple":57,"minecraft:bow":1,"minecraft:wheat_seeds":1,"minecraft:spruce_planks":4,"vampirism:item_garlic":1,"minecraft:spruce_stairs":3,"tombstone:grave_dust":3,"vampirism:vampire_fang":1,"minecraft:spruce_log":5,"minecraft:arrow":3,"minecraft:cactus":7,"minecraft:rotten_flesh":1,"minecraft:bread":4,"minecraft:cobblestone":45}},"DataVersion":3465}