{"stats":{"minecraft:dropped":{"minecraft:stone_axe":2,"biomesoplenty:jacaranda_sapling":3,"minecraft:wheat_seeds":4,"minecraft:coarse_dirt":2,"biomesoplenty:lavender":1,"mores:tin_axe":1,"moonsweaponry:stone_hammer":2,"mores:tin_ingot":6,"mores:tin_pickaxe":1,"minecraft:dirt":2,"minecraft:wooden_axe":2,"minecraft:sandstone":2,"minecraft:wooden_pickaxe":2,"minecraft:stone_pickaxe":1,"moonsweaponry:stone_greatsword":1},"minecraft:killed":{"naturalist:vulture":1,"minecraft:pig":6,"born_in_chaos_v1:baby_skeleton":2,"born_in_chaos_v1:zombie_bruiser":1,"born_in_chaos_v1:decrepit_skeleton":1,"born_in_chaos_v1:maggot":3,"minecraft:sheep":4,"minecraft:skeleton":2,"minecraft:pillager":3,"born_in_chaos_v1:dread_hound":1,"born_in_chaos_v1:firelight_not_despawn":4,"minecraft:cow":2},"minecraft:custom":{"minecraft:interact_with_furnace":29,"minecraft:mob_kills":31,"tombstone:raider_killed":3,"minecraft:interact_with_crafting_table":13,"minecraft:leave_game":1,"minecraft:time_since_death":82188,"minecraft:sleep_in_bed":3,"minecraft:time_since_rest":23770,"minecraft:sprint_one_cm":228667,"minecraft:damage_taken":707,"minecraft:walk_one_cm":227119,"minecraft:trigger_trapped_chest":2,"minecraft:drop":22,"minecraft:damage_dealt":4577,"minecraft:swim_one_cm":25182,"minecraft:fly_one_cm":312333,"minecraft:open_chest":5,"minecraft:crouch_one_cm":11711,"tombstone:undead_killed":6,"minecraft:play_time":82188,"minecraft:sneak_time":4439,"minecraft:walk_under_water_one_cm":5543,"minecraft:jump":1575,"minecraft:walk_on_water_one_cm":7085,"minecraft:total_world_time":82188,"minecraft:fall_one_cm":44982},"minecraft:mined":{"biomesoplenty:jacaranda_leaves":3,"minecraft:crafting_table":3,"vampirism:altar_pillar":12,"minecraft:lever":1,"minecraft:grass_block":1,"minecraft:tall_grass":2,"minecraft:cobblestone":3,"minecraft:sandstone":2,"mores:tin_ore":3,"minecraft:red_candle":1,"biomesoplenty:jacaranda_log":52,"minecraft:coarse_dirt":1,"minecraft:furnace":2,"minecraft:iron_ore":34,"biomesoplenty:lavender":1,"minecraft:tnt":4,"minecraft:brown_bed":2,"minecraft:grass":18,"minecraft:coal_ore":139,"vampirism:altar_infusion":1,"biomesoplenty:high_grass":1,"minecraft:gravel":10,"minecraft:sand":3,"minecraft:dirt":1,"mores:silver_ore":6,"minecraft:stone":146,"vampirism:altar_tip":3},"minecraft:used":{"minecraft:stone_pickaxe":77,"mores:tin_axe":62,"minecraft:baked_potato":9,"mores:tin_pickaxe":79,"minecraft:wooden_pickaxe":16,"minecraft:iron_sword":2,"born_in_chaos_v1:fried_maggot":3,"minecraft:torch":52,"minecraft:sand":2,"minecraft:crafting_table":4,"minecraft:carrot":21,"minecraft:golden_shovel":6,"minecraft:wooden_axe":1,"moonsweaponry:stone_hammer":36,"minecraft:iron_axe":1,"minecraft:bread":2,"minecraft:iron_pickaxe":194,"minecraft:stone_axe":1,"moonsweaponry:wooden_scythe":47,"minecraft:cobblestone":14,"moonsweaponry:stone_greatsword":11,"minecraft:furnace":4,"minecraft:gold_block":1,"minecraft:cooked_beef":1,"minecraft:brown_bed":1},"minecraft:picked_up":{"minecraft:wooden_axe":1,"biomesoplenty:lavender":1,"minecraft:coarse_dirt":2,"born_in_chaos_v1:corpse_maggot":3,"minecraft:crafting_table":3,"minecraft:feather":1,"minecraft:leather":3,"minecraft:wooden_pickaxe":1,"minecraft:gold_block":1,"minecraft:brown_bed":2,"biomesoplenty:jacaranda_sapling":3,"minecraft:dirt":2,"born_in_chaos_v1:monster_skin":1,"minecraft:red_candle":1,"minecraft:bone":11,"minecraft:stone_bricks":7,"minecraft:wheat_seeds":4,"vampirism:altar_pillar":12,"minecraft:beef":3,"minecraft:iron_ingot":2,"born_in_chaos_v1:gnawed_bones":1,"minecraft:furnace":2,"minecraft:stick":19,"minecraft:raw_iron":34,"minecraft:sandstone":2,"minecraft:acacia_log":12,"minecraft:porkchop":14,"minecraft:sand":2,"dynamictrees:acacia_seed":8,"tombstone:grave_dust":3,"vampirism:altar_infusion":1,"mores:raw_tin":12,"minecraft:tnt":4,"minecraft:arrow":5,"minecraft:rotten_flesh":5,"born_in_chaos_v1:fire_dust":4,"biomesoplenty:jacaranda_log":51,"minecraft:stone_axe":1,"vampirism:altar_tip":3,"minecraft:iron_block":1,"mores:raw_silver":6,"moonsweaponry:stone_hammer":1,"minecraft:mutton":8,"minecraft:coal":174,"minecraft:cobblestone":135,"minecraft:white_wool":4},"minecraft:crafted":{"minecraft:cooked_beef":3,"mores:tin_pickaxe":1,"biomesoplenty:jacaranda_planks":204,"minecraft:cooked_porkchop":14,"minecraft:crafting_table":2,"minecraft:wooden_pickaxe":1,"minecraft:baked_potato":9,"minecraft:iron_sword":1,"minecraft:furnace":3,"minecraft:stone_axe":1,"minecraft:cooked_mutton":8,"minecraft:air":0,"minecraft:iron_axe":1,"mores:tin_ingot":12,"born_in_chaos_v1:fried_maggot":3,"moonsweaponry:stone_greatsword":1,"minecraft:stick":32,"minecraft:iron_ingot":28,"minecraft:iron_pickaxe":1,"minecraft:stone_pickaxe":1,"minecraft:wooden_axe":1,"moonsweaponry:wooden_scythe":1,"mores:tin_axe":1,"minecraft:acacia_planks":20,"minecraft:torch":76,"moonsweaponry:stone_hammer":1}},"DataVersion":3465}