{"stats":{"minecraft:dropped":{"sophisticatedbackpacks:iron_backpack":1,"minecraft:blackstone":4,"minecraft:cobbled_deepslate":9,"artifacts:aqua_dashers":1,"minecraft:tuff":10,"mores:amethyst_chestplate":1,"minecraft:apple":121,"minecraft:iron_horse_armor":1,"mores:amethyst_boots":1,"mores:amethyst_axe":1,"minecraft:saddle":1,"minecraft:birch_fence":2,"mores:amethyst_leggings":1,"mores:amethyst_sword":1,"vampirism:vampire_fang":2,"mores:amethyst_pickaxe":1,"mores:amethyst_shield":1,"artifacts:crystal_heart":2,"minecraft:spruce_log":128,"minecraft:arrow":10,"minecraft:bow":2,"minecraft:string":1,"mores:amethyst_helmet":1},"minecraft:crafted":{"minecraft:crafting_table":1,"minecraft:spruce_planks":20,"minecraft:stick":40,"minecraft:torch":76},"minecraft:killed":{"vampirism:vampire":3,"vampirism:advanced_vampire":1,"minecraft:spider":1,"minecraft:creeper":2,"vampirism:hunter":1,"minecraft:skeleton":14,"minecraft:zombie":12},"minecraft:custom":{"minecraft:interact_with_furnace":1,"minecraft:mob_kills":35,"vampirism:killed_with_stake":3,"minecraft:interact_with_crafting_table":4,"minecraft:open_barrel":6,"minecraft:leave_game":4,"minecraft:time_since_death":76087,"minecraft:sleep_in_bed":1,"minecraft:climb_one_cm":4085,"vampirism:actions_used":7,"minecraft:time_since_rest":29444,"minecraft:sprint_one_cm":174058,"minecraft:damage_taken":801,"minecraft:walk_one_cm":197302,"minecraft:drop":39,"vampirism:skills_unlocked":4,"minecraft:damage_dealt":8252,"vampirism:action_used_disguise_hunter":7,"minecraft:swim_one_cm":6667,"minecraft:fly_one_cm":218291,"minecraft:player_kills":1,"minecraft:open_chest":15,"minecraft:crouch_one_cm":6215,"minecraft:play_time":78967,"tombstone:undead_killed":26,"minecraft:deaths":1,"minecraft:sneak_time":2021,"minecraft:walk_under_water_one_cm":5392,"minecraft:jump":920,"vampirism:action_time_disguise_hunter":796,"minecraft:walk_on_water_one_cm":23450,"minecraft:total_world_time":78967,"vampirism:interact_with_injection_chair":5,"minecraft:fall_one_cm":35151,"minecraft:horse_one_cm":9025},"minecraft:used":{"epicpaladins:cryorium_sword":110,"epicpaladins:cryorium_pickaxe":183,"minecraft:spruce_planks":10,"epicpaladins:cryorium_axe":27,"minecraft:torch":135,"minecraft:crafting_table":1,"vampirism:stake":3,"minecraft:birch_fence":1,"minecraft:bread":17,"minecraft:cobblestone":10,"tombstone:gift":2,"minecraft:experience_bottle":370},"minecraft:mined":{"minecraft:deepslate_redstone_ore":1,"minecraft:spruce_planks":4,"minecraft:yellow_wall_banner":1,"epicpaladins:deepslate_bloodstone_ore":8,"minecraft:spruce_fence":4,"minecraft:dead_bush":1,"minecraft:rose_bush":1,"mores:anthracite_ore":9,"minecraft:deepslate_gold_ore":1,"minecraft:lapis_ore":7,"minecraft:wall_torch":1,"epicpaladins:deepslate_arclight_ore":22,"minecraft:spruce_stairs":3,"epicpaladins:bloodstone_ore":6,"minecraft:redstone_ore":1,"mores:deepslate_tourmaline_ore":17,"minecraft:cobblestone_wall":4,"epicpaladins:deepslate_cryorium_ore":1,"minecraft:spruce_log":5,"minecraft:stripped_spruce_log":3,"minecraft:deepslate_lapis_ore":12,"minecraft:grass":1,"minecraft:stone":69,"epicpaladins:arclight_ore":12,"minecraft:deepslate":10,"minecraft:birch_fence":1,"minecraft:fern":4},"minecraft:picked_up":{"minecraft:wheat":10,"vampirism:vampire_blood_bottle":1,"minecraft:glow_ink_sac":2,"minecraft:lead":2,"minecraft:gunpowder":1,"minecraft:lapis_lazuli":131,"minecraft:string":1,"mores:tourmaline_gem":17,"epicpaladins:bloodstone_gem":14,"minecraft:bone":11,"minecraft:birch_fence":3,"vampirism:human_heart":1,"minecraft:apple":57,"minecraft:bow":3,"minecraft:wheat_seeds":1,"minecraft:cobbled_deepslate":9,"minecraft:raw_gold":1,"minecraft:spruce_planks":4,"vampirism:item_garlic":1,"epicpaladins:arclight_gem":34,"minecraft:torch":3,"minecraft:spruce_stairs":3,"tombstone:grave_dust":13,"vampirism:vampire_fang":2,"minecraft:spruce_log":5,"minecraft:redstone":9,"epicpaladins:cryorium_gem":1,"minecraft:cactus":7,"minecraft:arrow":24,"minecraft:rotten_flesh":11,"mores:anthracite":9,"minecraft:bread":4,"tombstone:magic_scroll":1,"minecraft:cobblestone":71}},"DataVersion":3465}