{"stats":{"minecraft:killed":{"vampirism:vampire":33,"vampirism:advanced_vampire":2,"minecraft:spider":4,"minecraft:skeleton":16,"vampirism:blinding_bat":1,"minecraft:creeper":3,"vampirism:hunter":1,"minecraft:zombie":13},"minecraft:used":{"epicpaladins:bloodstone_pickaxe":3,"mores:cobalt_shield":84,"epicpaladins:cryorium_pickaxe":399,"minecraft:chest":5,"minecraft:spruce_planks":10,"minecraft:torch":212,"minecraft:dirt":5,"minecraft:anvil":1,"minecraft:carrot":9,"mores:cobalt_battleaxe":49,"tombstone:gift":2,"minecraft:cooked_beef":14,"minecraft:potato":10,"minecraft:cobbled_deepslate":1,"epicpaladins:cryorium_sword":156,"minecraft:water_bucket":29,"vampirism:weapon_table":1,"vampirism:hunter_axe_normal":6,"vampirism:item_garlic":51,"epicpaladins:cryorium_axe":515,"biomesoplenty:mahogany_log":48,"minecraft:crafting_table":1,"minecraft:blast_furnace":1,"vampirism:stake":47,"minecraft:black_bed":1,"minecraft:smoker":1,"minecraft:birch_fence":1,"minecraft:melon_slice":2,"minecraft:bread":23,"minecraft:cobblestone":120,"minecraft:bucket":29,"minecraft:bone_meal":37,"minecraft:experience_bottle":370},"minecraft:picked_up":{"minecraft:wheat":15,"minecraft:anvil":1,"minecraft:lead":2,"minecraft:string":2,"biomesoplenty:stripped_mahogany_log":1,"mores:tourmaline_gem":22,"epicpaladins:bloodstone_gem":24,"minecraft:birch_fence":3,"minecraft:beetroot":3,"minecraft:cobbled_deepslate":134,"minecraft:spruce_planks":4,"minecraft:melon_slice":34,"minecraft:chest":1,"minecraft:stick":8,"minecraft:raw_iron":1,"minecraft:composter":1,"epicpaladins:arclight_gem":34,"minecraft:torch":12,"minecraft:spruce_stairs":3,"minecraft:spruce_fence":2,"tombstone:grave_dust":13,"vampirism:vampire_fang":13,"vampirism:amulet":1,"minecraft:carrot":19,"minecraft:redstone":9,"vampirism:hunter_table":1,"minecraft:cactus":7,"vampirism:blood_bottle":1,"minecraft:arrow":24,"epicpaladins:cryorium_gem":9,"minecraft:rotten_flesh":12,"vampirism:cobbled_dark_stone":11,"minecraft:beetroot_seeds":7,"biomesoplenty:mahogany_sapling":28,"minecraft:cobblestone":180,"vampirism:weapon_table":1,"vampirism:vampire_blood_bottle":16,"vampirism:med_chair":1,"minecraft:glow_ink_sac":4,"vampirism:polished_dark_stone":2,"minecraft:jungle_log":1,"minecraft:smoker":1,"minecraft:potato":20,"minecraft:yellow_bed":1,"minecraft:gunpowder":3,"minecraft:dirt":5,"minecraft:lapis_lazuli":131,"minecraft:bone":11,"vampirism:human_heart":1,"minecraft:apple":57,"minecraft:bow":3,"minecraft:wheat_seeds":22,"minecraft:raw_gold":1,"vampirism:item_garlic":108,"minecraft:iron_sword":1,"mores:turquoise_gem":5,"minecraft:book":18,"minecraft:gravel":2,"minecraft:sand":3,"minecraft:spruce_log":8,"biomesoplenty:mahogany_log":388,"mores:sapphire_gem":7,"minecraft:diamond":1,"mores:anthracite":9,"minecraft:bone_meal":2,"minecraft:bread":4,"tombstone:magic_scroll":1},"minecraft:custom":{"minecraft:interact_with_smithing_table":1,"minecraft:interact_with_anvil":2,"minecraft:mob_kills":75,"vampirism:killed_with_stake":25,"minecraft:interact_with_crafting_table":21,"minecraft:open_barrel":16,"minecraft:damage_dealt_resisted":1332,"minecraft:leave_game":7,"minecraft:time_since_death":223253,"minecraft:climb_one_cm":11384,"minecraft:sprint_one_cm":487442,"minecraft:walk_one_cm":504532,"minecraft:damage_blocked_by_shield":2136,"minecraft:drop":57,"vampirism:skills_unlocked":5,"minecraft:deaths":1,"minecraft:play_time":226133,"minecraft:sneak_time":7429,"minecraft:walk_under_water_one_cm":7823,"minecraft:jump":2755,"vampirism:action_time_disguise_hunter":1328,"minecraft:walk_on_water_one_cm":41636,"minecraft:total_world_time":226133,"vampirism:interact_with_injection_chair":5,"minecraft:interact_with_furnace":2,"vampirism:interact_with_research_table":7,"minecraft:sleep_in_bed":4,"vampirism:actions_used":11,"minecraft:time_since_rest":11872,"minecraft:damage_taken":1620,"minecraft:damage_dealt":18199,"vampirism:weapon_table":1,"vampirism:action_used_disguise_hunter":11,"minecraft:swim_one_cm":20228,"minecraft:fly_one_cm":726114,"minecraft:player_kills":1,"minecraft:open_chest":95,"minecraft:crouch_one_cm":22823,"tombstone:undead_killed":29,"minecraft:interact_with_smoker":6,"minecraft:fall_one_cm":115559,"minecraft:horse_one_cm":11323},"minecraft:crafted":{"vampirism:injection_garlic":1,"minecraft:bone_meal":36,"vampirism:injection_empty":1,"minecraft:glass":10,"minecraft:chest":4,"minecraft:cooked_beef":14,"minecraft:crafting_table":1,"minecraft:spruce_planks":20,"minecraft:bucket":1,"vampirism:weapon_table":1,"minecraft:air":0,"vampirism:hunter_axe_normal":1,"epicpaladins:bloodstone_pickaxe":1,"sophisticatedbackpacks:diamond_backpack":1,"minecraft:stick":80,"minecraft:iron_block":1,"minecraft:torch":172},"minecraft:mined":{"minecraft:spruce_planks":4,"minecraft:yellow_wall_banner":1,"minecraft:farmland":1,"minecraft:deepslate_diamond_ore":1,"minecraft:grass_block":2,"biomesoplenty:bush":1,"minecraft:spruce_fence":6,"biomesoplenty:stripped_mahogany_log":1,"vampirism:weapon_table":1,"vampirism:hunter_table":1,"minecraft:composter":1,"epicpaladins:deepslate_arclight_ore":22,"minecraft:redstone_ore":1,"mores:deepslate_tourmaline_ore":22,"minecraft:carrots":5,"minecraft:iron_ore":1,"minecraft:stripped_spruce_log":3,"minecraft:anvil":1,"minecraft:deepslate_lapis_ore":12,"biomesoplenty:mahogany_leaves":72,"minecraft:bookshelf":6,"minecraft:potatoes":13,"mores:deepslate_sapphire_ore":7,"minecraft:stone":164,"minecraft:deepslate_redstone_ore":1,"vampirism:dark_stone":13,"epicpaladins:deepslate_bloodstone_ore":18,"vampirism:polished_dark_stone":2,"minecraft:smoker":1,"biomesoplenty:orange_sand":3,"minecraft:torch":1,"minecraft:melon":7,"minecraft:chest":1,"minecraft:dead_bush":1,"minecraft:rose_bush":1,"mores:anthracite_ore":9,"minecraft:deepslate_gold_ore":1,"minecraft:lapis_ore":7,"minecraft:wall_torch":4,"mores:deepslate_turquoise_ore":6,"minecraft:spruce_stairs":3,"epicpaladins:bloodstone_ore":6,"minecraft:cobblestone_wall":4,"biomesoplenty:mahogany_log":404,"minecraft:wheat":13,"epicpaladins:deepslate_cryorium_ore":9,"vampirism:med_chair":1,"minecraft:spruce_log":8,"minecraft:black_bed":1,"minecraft:yellow_bed":1,"minecraft:grass":6,"biomesoplenty:clover":1,"vampirism:garlic":48,"minecraft:beetroots":3,"minecraft:gravel":1,"minecraft:sand":3,"minecraft:dirt":2,"minecraft:oak_leaves":1,"minecraft:deepslate":72,"epicpaladins:arclight_ore":12,"minecraft:birch_fence":1,"minecraft:fern":10},"minecraft:dropped":{"sophisticatedbackpacks:iron_backpack":1,"minecraft:wheat_seeds":2,"minecraft:cobblestone":92,"minecraft:apple":121,"minecraft:iron_horse_armor":1,"minecraft:saddle":1,"mores:amethyst_axe":1,"vampirism:amulet":1,"tombstone:bag_of_seeds":1,"minecraft:birch_fence":2,"mores:amethyst_leggings":1,"minecraft:torch":17,"mores:amethyst_shield":1,"artifacts:crystal_heart":2,"minecraft:string":1,"vampirism:injection_garlic":1,"minecraft:gravel":1,"minecraft:blackstone":4,"minecraft:cobbled_deepslate":137,"artifacts:aqua_dashers":1,"minecraft:tuff":10,"mores:amethyst_chestplate":1,"epicpaladins:bloodstone_gem":13,"mores:amethyst_boots":1,"minecraft:spruce_fence":2,"mores:amethyst_sword":1,"vampirism:vampire_blood_bottle":19,"vampirism:vampire_fang":2,"mores:amethyst_pickaxe":1,"minecraft:beetroot_seeds":1,"minecraft:spruce_log":131,"minecraft:arrow":10,"minecraft:bow":2,"vampirism:cobbled_dark_stone":11,"mores:amethyst_helmet":1}},"DataVersion":3465}