{"stats":{"minecraft:broken":{"minecraft:iron_pickaxe":1},"minecraft:dropped":{"minecraft:bread":6,"biomesoplenty:jacaranda_sapling":3,"minecraft:wheat_seeds":4,"biomesoplenty:lavender":1,"minecraft:cobblestone":33,"moonsweaponry:stone_hammer":2,"mores:tin_ingot":6,"minecraft:acacia_log":7,"minecraft:stick":2,"minecraft:dirt":2,"minecraft:wooden_axe":2,"minecraft:stone_axe":2,"minecraft:coarse_dirt":2,"mores:tin_axe":1,"minecraft:carrot":2,"mores:tin_pickaxe":1,"born_in_chaos_v1:corpse_maggot":1,"minecraft:sandstone":2,"minecraft:stone_pickaxe":1,"minecraft:wooden_pickaxe":2,"moonsweaponry:stone_greatsword":1},"minecraft:killed":{"born_in_chaos_v1:restless_spirit":1,"born_in_chaos_v1:zombie_bruiser":1,"born_in_chaos_v1:baby_skeleton_minion":2,"born_in_chaos_v1:maggot":4,"minecraft:skeleton":5,"born_in_chaos_v1:firelight_not_despawn":4,"naturalist:vulture":1,"born_in_chaos_v1:bonescaller":1,"minecraft:pig":6,"born_in_chaos_v1:baby_skeleton":2,"minecraft:creeper":1,"born_in_chaos_v1:decrepit_skeleton":2,"minecraft:sheep":4,"minecraft:pillager":3,"minecraft:zombie":3,"born_in_chaos_v1:dread_hound":1,"minecraft:cow":2},"minecraft:custom":{"minecraft:mob_kills":44,"minecraft:interact_with_crafting_table":17,"minecraft:damage_dealt_resisted":153,"minecraft:leave_game":1,"minecraft:time_since_death":94188,"minecraft:damage_resisted":13,"minecraft:sprint_one_cm":239525,"minecraft:walk_one_cm":271116,"minecraft:drop":28,"minecraft:play_time":94188,"minecraft:sneak_time":4774,"minecraft:walk_under_water_one_cm":5543,"minecraft:jump":1829,"minecraft:walk_on_water_one_cm":7085,"minecraft:total_world_time":94188,"minecraft:interact_with_furnace":30,"tombstone:raider_killed":3,"minecraft:sleep_in_bed":3,"minecraft:time_since_rest":35770,"minecraft:damage_taken":1211,"minecraft:trigger_trapped_chest":2,"minecraft:damage_dealt":6669,"minecraft:swim_one_cm":25182,"minecraft:fly_one_cm":325528,"minecraft:open_chest":5,"minecraft:crouch_one_cm":13013,"tombstone:undead_killed":16,"minecraft:fall_one_cm":48999},"minecraft:mined":{"vampirism:altar_pillar":12,"minecraft:lever":1,"minecraft:grass_block":1,"minecraft:sandstone":2,"biomesoplenty:jacaranda_log":52,"minecraft:furnace":2,"minecraft:iron_ore":48,"biomesoplenty:lavender":1,"minecraft:brown_bed":2,"vampirism:altar_infusion":1,"biomesoplenty:high_grass":1,"minecraft:stone":165,"biomesoplenty:jacaranda_leaves":3,"mores:cobalt_ore":5,"minecraft:crafting_table":3,"minecraft:tall_grass":2,"minecraft:cobblestone":3,"mores:tin_ore":3,"minecraft:red_candle":1,"minecraft:coarse_dirt":1,"minecraft:tnt":4,"minecraft:grass":18,"minecraft:coal_ore":164,"minecraft:dirt":1,"minecraft:sand":3,"minecraft:gravel":10,"mores:silver_ore":6,"vampirism:altar_tip":3},"minecraft:used":{"mores:tin_axe":62,"mores:tin_pickaxe":79,"minecraft:iron_sword":44,"born_in_chaos_v1:fried_maggot":3,"minecraft:torch":87,"minecraft:carrot":21,"minecraft:golden_shovel":6,"born_in_chaos_v1:corpse_maggot":1,"minecraft:wooden_axe":1,"minecraft:iron_axe":1,"minecraft:iron_helmet":1,"moonsweaponry:stone_greatsword":11,"minecraft:furnace":5,"minecraft:gold_block":1,"tombstone:gift":1,"minecraft:cooked_beef":3,"minecraft:brown_bed":1,"minecraft:stone_pickaxe":77,"minecraft:baked_potato":9,"minecraft:wooden_pickaxe":16,"minecraft:sand":2,"minecraft:crafting_table":6,"moonsweaponry:stone_hammer":36,"minecraft:bread":5,"minecraft:iron_pickaxe":257,"minecraft:stone_axe":1,"moonsweaponry:wooden_scythe":47,"minecraft:cobblestone":16,"minecraft:experience_bottle":3},"minecraft:picked_up":{"minecraft:wooden_axe":1,"minecraft:crafting_table":3,"minecraft:coarse_dirt":2,"artifacts:night_vision_goggles":1,"born_in_chaos_v1:seedof_chaos":2,"minecraft:wooden_pickaxe":1,"minecraft:brown_bed":2,"biomesoplenty:jacaranda_sapling":3,"minecraft:gold_block":1,"minecraft:enchanted_book":1,"minecraft:red_candle":1,"minecraft:beef":3,"born_in_chaos_v1:gnawed_bones":1,"minecraft:furnace":2,"minecraft:raw_iron":48,"minecraft:stick":19,"minecraft:sandstone":2,"minecraft:torch":2,"minecraft:acacia_log":12,"minecraft:porkchop":14,"tombstone:grave_dust":5,"mores:raw_tin":12,"minecraft:tnt":4,"minecraft:arrow":8,"minecraft:rotten_flesh":9,"biomesoplenty:jacaranda_log":51,"minecraft:iron_block":1,"minecraft:mutton":8,"minecraft:white_wool":4,"minecraft:cobblestone":187,"biomesoplenty:lavender":1,"born_in_chaos_v1:corpse_maggot":5,"minecraft:feather":1,"minecraft:leather":3,"minecraft:gunpowder":1,"minecraft:dirt":2,"tombstone:gift":1,"born_in_chaos_v1:monster_skin":1,"minecraft:bone":18,"minecraft:stone_bricks":7,"minecraft:bow":1,"minecraft:wheat_seeds":4,"vampirism:altar_pillar":12,"minecraft:iron_ingot":2,"born_in_chaos_v1:ethereal_spirit":2,"minecraft:sand":2,"dynamictrees:acacia_seed":8,"mores:raw_cobalt":5,"vampirism:altar_infusion":1,"born_in_chaos_v1:fire_dust":4,"minecraft:stone_axe":1,"vampirism:altar_tip":3,"minecraft:bread":12,"mores:raw_silver":6,"minecraft:coal":199,"moonsweaponry:stone_hammer":1},"minecraft:crafted":{"mores:tin_pickaxe":1,"minecraft:furnace":3,"minecraft:cooked_mutton":8,"minecraft:iron_axe":1,"mores:tin_ingot":12,"moonsweaponry:stone_greatsword":1,"born_in_chaos_v1:fried_maggot":3,"minecraft:stone_pickaxe":1,"mores:tin_axe":1,"moonsweaponry:stone_hammer":1,"minecraft:cooked_beef":3,"biomesoplenty:jacaranda_planks":204,"minecraft:cooked_porkchop":14,"minecraft:crafting_table":3,"minecraft:iron_helmet":1,"minecraft:wooden_pickaxe":1,"minecraft:baked_potato":9,"minecraft:iron_sword":1,"minecraft:bone":6,"minecraft:stone_axe":1,"minecraft:air":0,"minecraft:stick":88,"minecraft:iron_ingot":28,"minecraft:iron_pickaxe":2,"minecraft:wooden_axe":1,"moonsweaponry:wooden_scythe":1,"minecraft:iron_leggings":1,"minecraft:acacia_planks":20,"minecraft:torch":203}},"DataVersion":3465}