{"stats":{"minecraft:dropped":{"sophisticatedbackpacks:iron_backpack":1,"minecraft:gravel":1,"minecraft:blackstone":4,"minecraft:cobbled_deepslate":9,"artifacts:aqua_dashers":1,"minecraft:tuff":10,"mores:amethyst_chestplate":1,"minecraft:apple":121,"minecraft:iron_horse_armor":1,"mores:amethyst_boots":1,"mores:amethyst_axe":1,"minecraft:saddle":1,"minecraft:birch_fence":2,"mores:amethyst_leggings":1,"mores:amethyst_sword":1,"vampirism:vampire_fang":2,"mores:amethyst_pickaxe":1,"mores:amethyst_shield":1,"artifacts:crystal_heart":2,"minecraft:spruce_log":128,"minecraft:arrow":10,"minecraft:bow":2,"vampirism:cobbled_dark_stone":11,"minecraft:string":1,"mores:amethyst_helmet":1},"minecraft:crafted":{"minecraft:cooked_beef":14,"minecraft:crafting_table":1,"minecraft:spruce_planks":20,"minecraft:air":0,"minecraft:stick":40,"minecraft:torch":76},"minecraft:killed":{"vampirism:vampire":28,"vampirism:advanced_vampire":2,"minecraft:spider":1,"minecraft:creeper":2,"vampirism:hunter":1,"minecraft:skeleton":15,"minecraft:zombie":13},"minecraft:custom":{"minecraft:interact_with_furnace":1,"minecraft:mob_kills":64,"vampirism:killed_with_stake":22,"minecraft:interact_with_crafting_table":4,"minecraft:open_barrel":6,"minecraft:damage_dealt_resisted":912,"minecraft:leave_game":4,"minecraft:time_since_death":106087,"minecraft:sleep_in_bed":1,"minecraft:climb_one_cm":4085,"vampirism:actions_used":10,"minecraft:time_since_rest":59444,"minecraft:sprint_one_cm":222302,"minecraft:damage_taken":1293,"minecraft:walk_one_cm":307861,"minecraft:damage_blocked_by_shield":1162,"minecraft:drop":41,"vampirism:skills_unlocked":4,"minecraft:damage_dealt":15401,"vampirism:action_used_disguise_hunter":10,"minecraft:swim_one_cm":9770,"minecraft:fly_one_cm":261683,"minecraft:player_kills":1,"minecraft:open_chest":15,"minecraft:crouch_one_cm":11210,"minecraft:play_time":108967,"tombstone:undead_killed":28,"minecraft:deaths":1,"minecraft:sneak_time":3399,"minecraft:walk_under_water_one_cm":6794,"minecraft:jump":1283,"vampirism:action_time_disguise_hunter":1265,"minecraft:walk_on_water_one_cm":36948,"minecraft:interact_with_smoker":6,"minecraft:total_world_time":108967,"vampirism:interact_with_injection_chair":5,"minecraft:fall_one_cm":41810,"minecraft:horse_one_cm":9025},"minecraft:used":{"epicpaladins:cryorium_sword":135,"minecraft:water_bucket":29,"mores:cobalt_shield":53,"epicpaladins:cryorium_pickaxe":397,"minecraft:spruce_planks":10,"epicpaladins:cryorium_axe":27,"minecraft:torch":172,"minecraft:crafting_table":1,"vampirism:stake":44,"minecraft:smoker":1,"minecraft:birch_fence":1,"mores:cobalt_battleaxe":39,"minecraft:bread":23,"minecraft:cobblestone":120,"minecraft:bucket":29,"tombstone:gift":2,"minecraft:cooked_beef":4,"minecraft:cobbled_deepslate":1,"minecraft:experience_bottle":370},"minecraft:mined":{"minecraft:deepslate_redstone_ore":1,"minecraft:spruce_planks":4,"minecraft:yellow_wall_banner":1,"vampirism:dark_stone":13,"minecraft:deepslate_diamond_ore":1,"epicpaladins:deepslate_bloodstone_ore":18,"minecraft:smoker":1,"biomesoplenty:bush":1,"minecraft:spruce_fence":4,"minecraft:dead_bush":1,"minecraft:rose_bush":1,"mores:anthracite_ore":9,"minecraft:deepslate_gold_ore":1,"minecraft:lapis_ore":7,"mores:deepslate_turquoise_ore":6,"minecraft:wall_torch":4,"epicpaladins:deepslate_arclight_ore":22,"minecraft:spruce_stairs":3,"epicpaladins:bloodstone_ore":6,"minecraft:redstone_ore":1,"mores:deepslate_tourmaline_ore":22,"minecraft:cobblestone_wall":4,"minecraft:iron_ore":1,"epicpaladins:deepslate_cryorium_ore":9,"minecraft:spruce_log":5,"minecraft:stripped_spruce_log":3,"minecraft:deepslate_lapis_ore":12,"minecraft:grass":2,"mores:deepslate_sapphire_ore":7,"minecraft:gravel":1,"minecraft:stone":164,"epicpaladins:arclight_ore":12,"minecraft:deepslate":72,"minecraft:birch_fence":1,"minecraft:fern":4},"minecraft:picked_up":{"minecraft:wheat":10,"vampirism:vampire_blood_bottle":14,"minecraft:glow_ink_sac":4,"minecraft:lead":2,"minecraft:smoker":1,"minecraft:gunpowder":1,"minecraft:lapis_lazuli":131,"minecraft:string":1,"mores:tourmaline_gem":22,"epicpaladins:bloodstone_gem":24,"minecraft:bone":11,"minecraft:birch_fence":3,"vampirism:human_heart":1,"minecraft:apple":57,"minecraft:bow":3,"minecraft:wheat_seeds":1,"minecraft:cobbled_deepslate":70,"minecraft:raw_gold":1,"minecraft:spruce_planks":4,"vampirism:item_garlic":1,"minecraft:iron_sword":1,"mores:turquoise_gem":5,"minecraft:raw_iron":1,"epicpaladins:arclight_gem":34,"minecraft:torch":10,"minecraft:spruce_stairs":3,"minecraft:gravel":2,"tombstone:grave_dust":13,"vampirism:vampire_fang":11,"minecraft:spruce_log":5,"minecraft:redstone":9,"vampirism:cobbled_dark_stone":11,"vampirism:blood_bottle":1,"epicpaladins:cryorium_gem":9,"minecraft:cactus":7,"minecraft:arrow":24,"minecraft:rotten_flesh":12,"mores:sapphire_gem":7,"minecraft:diamond":1,"mores:anthracite":9,"minecraft:bread":4,"tombstone:magic_scroll":1,"minecraft:cobblestone":166}},"DataVersion":3465}