{"stats":{"minecraft:used":{"mores:tin_axe":62,"minecraft:stone_pickaxe":55,"minecraft:baked_potato":9,"mores:tin_pickaxe":79,"minecraft:wooden_pickaxe":16,"born_in_chaos_v1:fried_maggot":3,"minecraft:torch":17,"minecraft:sand":2,"minecraft:crafting_table":3,"minecraft:carrot":21,"moonsweaponry:stone_hammer":36,"minecraft:wooden_axe":1,"minecraft:bread":2,"moonsweaponry:wooden_scythe":45,"minecraft:stone_axe":1,"moonsweaponry:stone_greatsword":11,"minecraft:cobblestone":3,"minecraft:furnace":2,"minecraft:gold_block":1,"minecraft:brown_bed":1},"minecraft:killed":{"naturalist:vulture":1,"minecraft:pig":6,"born_in_chaos_v1:baby_skeleton":1,"born_in_chaos_v1:zombie_bruiser":1,"born_in_chaos_v1:decrepit_skeleton":1,"born_in_chaos_v1:maggot":3,"minecraft:sheep":4,"minecraft:skeleton":2,"minecraft:pillager":3,"born_in_chaos_v1:firelight_not_despawn":4,"minecraft:cow":2},"minecraft:custom":{"minecraft:interact_with_furnace":8,"minecraft:mob_kills":28,"tombstone:raider_killed":3,"minecraft:interact_with_crafting_table":8,"minecraft:time_since_death":65160,"minecraft:sleep_in_bed":3,"minecraft:time_since_rest":6742,"minecraft:sprint_one_cm":215646,"minecraft:damage_taken":653,"minecraft:walk_one_cm":186590,"minecraft:trigger_trapped_chest":2,"minecraft:drop":17,"minecraft:damage_dealt":4367,"minecraft:swim_one_cm":25182,"minecraft:fly_one_cm":307177,"minecraft:open_chest":5,"minecraft:crouch_one_cm":3521,"tombstone:undead_killed":5,"minecraft:play_time":65160,"minecraft:sneak_time":1160,"minecraft:walk_under_water_one_cm":5543,"minecraft:jump":1503,"minecraft:walk_on_water_one_cm":7085,"minecraft:total_world_time":65160,"minecraft:fall_one_cm":44175},"minecraft:picked_up":{"minecraft:wooden_axe":1,"biomesoplenty:lavender":1,"born_in_chaos_v1:corpse_maggot":3,"minecraft:coarse_dirt":2,"minecraft:crafting_table":2,"minecraft:feather":1,"minecraft:leather":3,"minecraft:wooden_pickaxe":1,"biomesoplenty:jacaranda_sapling":3,"minecraft:brown_bed":2,"minecraft:gold_block":1,"minecraft:dirt":2,"minecraft:red_candle":1,"minecraft:bone":6,"minecraft:stone_bricks":7,"minecraft:wheat_seeds":4,"vampirism:altar_pillar":12,"minecraft:beef":3,"minecraft:iron_ingot":2,"minecraft:furnace":1,"minecraft:raw_iron":9,"minecraft:stick":19,"minecraft:sandstone":2,"minecraft:acacia_log":12,"minecraft:porkchop":14,"minecraft:sand":2,"dynamictrees:acacia_seed":8,"tombstone:grave_dust":3,"vampirism:altar_infusion":1,"biomesoplenty:jacaranda_log":51,"mores:raw_tin":12,"minecraft:tnt":4,"born_in_chaos_v1:fire_dust":4,"minecraft:arrow":3,"minecraft:rotten_flesh":5,"minecraft:stone_axe":1,"vampirism:altar_tip":3,"minecraft:iron_block":1,"mores:raw_silver":6,"minecraft:mutton":8,"minecraft:white_wool":4,"minecraft:coal":80,"moonsweaponry:stone_hammer":1,"minecraft:cobblestone":45},"minecraft:dropped":{"minecraft:stone_axe":2,"biomesoplenty:jacaranda_sapling":3,"minecraft:wheat_seeds":4,"minecraft:coarse_dirt":2,"biomesoplenty:lavender":1,"moonsweaponry:stone_hammer":2,"minecraft:wooden_axe":2,"minecraft:sandstone":2,"minecraft:wooden_pickaxe":2,"moonsweaponry:stone_greatsword":1},"minecraft:crafted":{"mores:tin_pickaxe":1,"biomesoplenty:jacaranda_planks":204,"minecraft:crafting_table":1,"minecraft:baked_potato":9,"minecraft:wooden_pickaxe":1,"minecraft:furnace":1,"minecraft:stone_axe":1,"minecraft:air":0,"mores:tin_ingot":12,"minecraft:stick":32,"moonsweaponry:stone_greatsword":1,"born_in_chaos_v1:fried_maggot":3,"minecraft:stone_pickaxe":1,"minecraft:wooden_axe":1,"moonsweaponry:wooden_scythe":1,"mores:tin_axe":1,"minecraft:acacia_planks":20,"minecraft:torch":76,"moonsweaponry:stone_hammer":1},"minecraft:mined":{"biomesoplenty:jacaranda_leaves":3,"minecraft:crafting_table":2,"vampirism:altar_pillar":12,"minecraft:lever":1,"minecraft:grass_block":1,"minecraft:tall_grass":2,"minecraft:cobblestone":3,"mores:tin_ore":3,"minecraft:sandstone":2,"biomesoplenty:jacaranda_log":52,"minecraft:red_candle":1,"minecraft:coarse_dirt":1,"minecraft:furnace":1,"minecraft:iron_ore":9,"biomesoplenty:lavender":1,"minecraft:tnt":4,"biomesoplenty:high_grass":1,"minecraft:brown_bed":2,"minecraft:grass":18,"minecraft:coal_ore":59,"vampirism:altar_infusion":1,"minecraft:dirt":1,"minecraft:sand":3,"mores:silver_ore":6,"minecraft:stone":42,"vampirism:altar_tip":3}},"DataVersion":3465}