{"stats":{"minecraft:custom":{"minecraft:mob_kills":79,"minecraft:interact_with_crafting_table":25,"minecraft:open_barrel":22,"goblintraders:trade_with_goblin":3,"minecraft:damage_dealt_resisted":636,"minecraft:leave_game":3,"minecraft:time_since_death":159251,"minecraft:damage_resisted":13,"vampirism:amount_bitten":12,"minecraft:sprint_one_cm":309529,"minecraft:walk_one_cm":496729,"minecraft:drop":79,"vampirism:skills_unlocked":1,"minecraft:play_time":159251,"minecraft:sneak_time":7324,"minecraft:walk_under_water_one_cm":7402,"minecraft:jump":2997,"minecraft:interact_with_blast_furnace":7,"minecraft:walk_on_water_one_cm":14642,"minecraft:total_world_time":159251,"vampirism:blood_drunk":1700,"minecraft:interact_with_furnace":36,"tombstone:raider_killed":3,"minecraft:sleep_in_bed":3,"minecraft:time_since_rest":100833,"minecraft:damage_taken":2572,"minecraft:trigger_trapped_chest":3,"minecraft:damage_dealt":13075,"minecraft:swim_one_cm":29449,"minecraft:fly_one_cm":418582,"minecraft:open_chest":8,"minecraft:crouch_one_cm":19737,"tombstone:undead_killed":30,"minecraft:fall_one_cm":74765},"minecraft:dropped":{"minecraft:enchanted_book":1,"minecraft:bread":6,"minecraft:iron_sword":2,"biomesoplenty:jacaranda_sapling":3,"minecraft:wheat_seeds":4,"minecraft:cooked_porkchop":10,"minecraft:cookie":5,"biomesoplenty:lavender":1,"minecraft:iron_helmet":1,"minecraft:cobblestone":158,"moonsweaponry:stone_hammer":2,"biomesoplenty:jacaranda_planks":22,"mores:tin_ingot":6,"minecraft:acacia_log":9,"minecraft:coal":95,"minecraft:stick":2,"born_in_chaos_v1:monster_flesh":2,"minecraft:dirt":3,"mores:tourmaline_gem":15,"minecraft:torch":7,"minecraft:wooden_axe":2,"minecraft:iron_leggings":1,"minecraft:iron_axe":2,"minecraft:iron_pickaxe":4,"minecraft:furnace":2,"minecraft:stone_axe":2,"minecraft:goat_horn":1,"minecraft:coarse_dirt":2,"minecraft:cobblestone_wall":1,"minecraft:golden_chestplate":2,"minecraft:cobbled_deepslate":5,"minecraft:raw_copper":8,"minecraft:wheat":15,"minecraft:raw_iron":1,"minecraft:rotten_flesh":3,"mores:tin_axe":1,"moonsweaponry:wooden_scythe":1,"minecraft:cooked_mutton":8,"minecraft:golden_shovel":1,"minecraft:carrot":2,"minecraft:flint_and_steel":1,"mores:tin_pickaxe":1,"minecraft:flower_pot":1,"minecraft:mangrove_log":1,"born_in_chaos_v1:corpse_maggot":1,"epicpaladins:arclight_pickaxe":1,"minecraft:bow":1,"minecraft:sandstone":2,"mores:sterling_boots":1,"minecraft:wooden_pickaxe":2,"minecraft:stone_pickaxe":1,"moonsweaponry:stone_greatsword":1},"minecraft:picked_up":{"minecraft:wooden_axe":1,"minecraft:crafting_table":3,"minecraft:coarse_dirt":2,"artifacts:night_vision_goggles":1,"minecraft:flower_pot":1,"born_in_chaos_v1:seedof_chaos":2,"minecraft:wooden_pickaxe":1,"minecraft:brown_bed":2,"biomesoplenty:jacaranda_sapling":3,"minecraft:gold_block":1,"minecraft:enchanted_book":2,"minecraft:golden_shovel":1,"minecraft:string":1,"minecraft:raw_copper":8,"minecraft:iron_axe":1,"mores:tourmaline_gem":39,"minecraft:red_candle":1,"epicpaladins:bloodstone_gem":9,"minecraft:cobbled_deepslate":56,"minecraft:beef":3,"born_in_chaos_v1:gnawed_bones":1,"minecraft:mangrove_log":1,"minecraft:furnace":5,"minecraft:stick":21,"minecraft:raw_iron":96,"minecraft:sandstone":2,"epicpaladins:arclight_gem":19,"minecraft:torch":5,"minecraft:acacia_log":14,"minecraft:porkchop":14,"tombstone:grave_dust":5,"minecraft:golden_chestplate":1,"mores:raw_tin":12,"minecraft:tnt":4,"minecraft:arrow":16,"epicpaladins:cryorium_gem":7,"minecraft:rotten_flesh":14,"biomesoplenty:jacaranda_log":51,"minecraft:iron_block":1,"minecraft:mutton":8,"minecraft:white_wool":4,"minecraft:cobblestone":217,"biomesoplenty:lavender":1,"born_in_chaos_v1:corpse_maggot":7,"minecraft:feather":1,"born_in_chaos_v1:monster_flesh":4,"minecraft:leather":8,"minecraft:flint":4,"minecraft:gunpowder":1,"minecraft:cobblestone_wall":1,"minecraft:lapis_lazuli":28,"minecraft:dirt":4,"tombstone:gift":1,"born_in_chaos_v1:monster_skin":2,"minecraft:bone":26,"epicpaladins:arclight_pickaxe":1,"minecraft:stone_bricks":7,"minecraft:bow":1,"minecraft:wheat_seeds":4,"vampirism:altar_pillar":12,"minecraft:raw_gold":6,"minecraft:iron_ingot":3,"minecraft:iron_sword":1,"born_in_chaos_v1:ethereal_spirit":4,"mores:ruby_gem":3,"minecraft:sand":2,"dynamictrees:acacia_seed":8,"mores:raw_cobalt":17,"minecraft:blast_furnace":3,"vampirism:altar_infusion":1,"minecraft:spider_eye":4,"born_in_chaos_v1:fire_dust":5,"minecraft:stone_axe":1,"vampirism:altar_tip":3,"minecraft:iron_helmet":1,"minecraft:bread":12,"tombstone:magic_scroll":2,"mores:raw_silver":6,"minecraft:coal":629,"moonsweaponry:stone_hammer":1},"minecraft:killed":{"vampirism:vampire":2,"born_in_chaos_v1:restless_spirit":1,"born_in_chaos_v1:zombie_lumberjack":1,"minecraft:spider":3,"born_in_chaos_v1:zombie_bruiser":1,"born_in_chaos_v1:baby_skeleton_minion":2,"born_in_chaos_v1:maggot":8,"minecraft:skeleton":10,"born_in_chaos_v1:firelight_not_despawn":5,"naturalist:vulture":1,"born_in_chaos_v1:bonescaller":1,"minecraft:pig":6,"born_in_chaos_v1:baby_skeleton":2,"minecraft:creeper":3,"born_in_chaos_v1:decrepit_skeleton":4,"minecraft:sheep":5,"minecraft:pillager":3,"minecraft:zombie":9,"born_in_chaos_v1:dread_hound":2,"born_in_chaos_v1:corpse_fly":1,"minecraft:cow":6},"minecraft:broken":{"minecraft:iron_pickaxe":1},"minecraft:used":{"mores:tin_axe":62,"mores:tin_pickaxe":79,"minecraft:iron_sword":54,"born_in_chaos_v1:fried_maggot":3,"minecraft:torch":171,"minecraft:dirt":1,"minecraft:carrot":21,"minecraft:golden_shovel":11,"epicpaladins:arclight_sword":105,"born_in_chaos_v1:corpse_maggot":3,"minecraft:wooden_axe":1,"minecraft:iron_axe":1,"minecraft:iron_helmet":1,"moonsweaponry:stone_greatsword":11,"minecraft:furnace":6,"minecraft:gold_block":1,"tombstone:gift":1,"minecraft:cooked_beef":3,"minecraft:cobbled_deepslate":17,"minecraft:brown_bed":1,"minecraft:stone_pickaxe":77,"minecraft:baked_potato":9,"minecraft:wooden_pickaxe":16,"minecraft:sand":2,"minecraft:crafting_table":8,"minecraft:blast_furnace":2,"minecraft:crossbow":7,"moonsweaponry:stone_hammer":36,"epicpaladins:arclight_pickaxe":379,"born_in_chaos_v1:monster_flesh":1,"minecraft:bread":21,"minecraft:iron_pickaxe":310,"tombstone:magic_scroll":1,"minecraft:stone_axe":1,"moonsweaponry:wooden_scythe":47,"minecraft:cobblestone":17,"minecraft:cooked_porkchop":4,"minecraft:experience_bottle":3},"minecraft:mined":{"minecraft:tuff":4,"epicpaladins:cryorium_ore":2,"vampirism:altar_pillar":12,"minecraft:lever":1,"minecraft:grass_block":1,"minecraft:sandstone":2,"epicpaladins:deepslate_arclight_ore":8,"biomesoplenty:jacaranda_log":52,"biomesoplenty:tall_lavender":3,"mores:deepslate_tourmaline_ore":24,"minecraft:furnace":4,"minecraft:iron_ore":75,"minecraft:cobbled_deepslate":1,"biomesoplenty:lavender":2,"minecraft:deepslate_lapis_ore":4,"minecraft:brown_bed":2,"mores:deepslate_cobalt_ore":1,"biomesoplenty:sea_oats":2,"vampirism:altar_infusion":1,"biomesoplenty:high_grass":1,"minecraft:deepslate_iron_ore":12,"minecraft:stone":241,"biomesoplenty:jacaranda_leaves":3,"minecraft:deepslate_redstone_ore":1,"mores:cobalt_ore":16,"epicpaladins:deepslate_bloodstone_ore":6,"minecraft:crafting_table":3,"minecraft:blast_furnace":3,"minecraft:tall_grass":3,"minecraft:cobblestone":3,"minecraft:deepslate_gold_ore":6,"mores:tin_ore":3,"epicpaladins:bloodstone_ore":3,"minecraft:red_candle":1,"minecraft:coarse_dirt":1,"mores:deepslate_ruby_ore":3,"minecraft:cobblestone_wall":1,"epicpaladins:deepslate_cryorium_ore":5,"mores:deepslate_tin_ore":2,"minecraft:tnt":4,"minecraft:grass":26,"minecraft:coal_ore":319,"minecraft:gravel":10,"minecraft:sand":3,"minecraft:dirt":11,"mores:silver_ore":7,"epicpaladins:arclight_ore":11,"minecraft:deepslate":58,"vampirism:altar_tip":3},"minecraft:crafted":{"mores:tourmaline_helmet":1,"epicpaladins:arclight_sword":1,"mores:tin_pickaxe":1,"minecraft:furnace":4,"epicpaladins:arclight_pickaxe":1,"minecraft:cooked_mutton":8,"minecraft:iron_axe":1,"mores:tin_ingot":12,"born_in_chaos_v1:fried_maggot":3,"moonsweaponry:stone_greatsword":1,"minecraft:stone_pickaxe":1,"mores:tourmaline_leggings":1,"mores:tin_axe":1,"moonsweaponry:stone_hammer":1,"minecraft:cooked_beef":3,"biomesoplenty:jacaranda_planks":204,"mores:tourmaline_chestplate":1,"minecraft:cooked_porkchop":14,"minecraft:crafting_table":5,"mores:tourmaline_boots":1,"minecraft:iron_helmet":1,"minecraft:wooden_pickaxe":1,"minecraft:baked_potato":9,"minecraft:iron_sword":1,"epicpaladins:arclight_axe":1,"minecraft:bone":6,"minecraft:stone_axe":1,"minecraft:air":0,"minecraft:stick":88,"minecraft:iron_ingot":85,"minecraft:iron_pickaxe":2,"minecraft:wooden_axe":1,"moonsweaponry:wooden_scythe":1,"minecraft:iron_leggings":1,"minecraft:gold_ingot":9,"minecraft:acacia_planks":20,"minecraft:torch":203}},"DataVersion":3465}