{"stats":{"minecraft:dropped":{"sophisticatedbackpacks:iron_backpack":1,"minecraft:gravel":1,"minecraft:blackstone":4,"minecraft:cobbled_deepslate":137,"artifacts:aqua_dashers":1,"minecraft:tuff":10,"mores:amethyst_chestplate":1,"minecraft:cobblestone":92,"minecraft:apple":121,"minecraft:iron_horse_armor":1,"mores:amethyst_boots":1,"minecraft:saddle":1,"mores:amethyst_axe":1,"vampirism:amulet":1,"tombstone:bag_of_seeds":1,"minecraft:birch_fence":2,"mores:amethyst_leggings":1,"mores:amethyst_sword":1,"vampirism:vampire_fang":2,"mores:amethyst_pickaxe":1,"mores:amethyst_shield":1,"minecraft:spruce_log":128,"artifacts:crystal_heart":2,"minecraft:arrow":10,"minecraft:bow":2,"vampirism:cobbled_dark_stone":11,"minecraft:string":1,"mores:amethyst_helmet":1},"minecraft:crafted":{"minecraft:cooked_beef":14,"minecraft:crafting_table":1,"minecraft:spruce_planks":20,"minecraft:air":0,"minecraft:stick":64,"minecraft:torch":172},"minecraft:killed":{"vampirism:vampire":31,"vampirism:advanced_vampire":2,"minecraft:spider":1,"minecraft:creeper":2,"vampirism:hunter":1,"minecraft:skeleton":15,"minecraft:zombie":13},"minecraft:custom":{"minecraft:interact_with_furnace":1,"minecraft:mob_kills":67,"vampirism:killed_with_stake":25,"minecraft:interact_with_crafting_table":4,"vampirism:interact_with_research_table":7,"minecraft:open_barrel":15,"minecraft:damage_dealt_resisted":1332,"minecraft:leave_game":5,"minecraft:time_since_death":141945,"minecraft:sleep_in_bed":1,"minecraft:climb_one_cm":5153,"vampirism:actions_used":10,"minecraft:time_since_rest":95302,"minecraft:sprint_one_cm":323538,"minecraft:damage_taken":1550,"minecraft:walk_one_cm":365079,"minecraft:damage_blocked_by_shield":2057,"minecraft:drop":48,"vampirism:skills_unlocked":5,"minecraft:damage_dealt":16656,"vampirism:action_used_disguise_hunter":10,"minecraft:swim_one_cm":13496,"minecraft:fly_one_cm":424933,"minecraft:player_kills":1,"minecraft:open_chest":34,"minecraft:crouch_one_cm":11711,"minecraft:play_time":144825,"tombstone:undead_killed":28,"minecraft:deaths":1,"minecraft:sneak_time":3502,"minecraft:walk_under_water_one_cm":6990,"minecraft:jump":1705,"vampirism:action_time_disguise_hunter":1265,"minecraft:walk_on_water_one_cm":37037,"minecraft:interact_with_smoker":6,"minecraft:total_world_time":144825,"vampirism:interact_with_injection_chair":5,"minecraft:fall_one_cm":63500,"minecraft:horse_one_cm":9025},"minecraft:used":{"epicpaladins:cryorium_sword":140,"minecraft:water_bucket":29,"mores:cobalt_shield":79,"epicpaladins:cryorium_pickaxe":399,"minecraft:spruce_planks":10,"epicpaladins:cryorium_axe":28,"minecraft:torch":209,"minecraft:crafting_table":1,"vampirism:stake":47,"minecraft:smoker":1,"minecraft:birch_fence":1,"mores:cobalt_battleaxe":49,"minecraft:bread":23,"minecraft:cobblestone":120,"minecraft:bucket":29,"tombstone:gift":2,"minecraft:cooked_beef":9,"minecraft:cobbled_deepslate":1,"minecraft:experience_bottle":370},"minecraft:mined":{"minecraft:deepslate_redstone_ore":1,"minecraft:spruce_planks":4,"minecraft:yellow_wall_banner":1,"vampirism:dark_stone":13,"minecraft:deepslate_diamond_ore":1,"epicpaladins:deepslate_bloodstone_ore":18,"vampirism:polished_dark_stone":2,"minecraft:smoker":1,"biomesoplenty:bush":1,"minecraft:spruce_fence":4,"minecraft:rose_bush":1,"minecraft:dead_bush":1,"mores:anthracite_ore":9,"minecraft:lapis_ore":7,"minecraft:deepslate_gold_ore":1,"mores:deepslate_turquoise_ore":6,"minecraft:wall_torch":4,"epicpaladins:deepslate_arclight_ore":22,"minecraft:spruce_stairs":3,"epicpaladins:bloodstone_ore":6,"minecraft:redstone_ore":1,"mores:deepslate_tourmaline_ore":22,"minecraft:cobblestone_wall":4,"minecraft:iron_ore":1,"epicpaladins:deepslate_cryorium_ore":9,"minecraft:spruce_log":5,"minecraft:stripped_spruce_log":3,"minecraft:deepslate_lapis_ore":12,"minecraft:bookshelf":1,"minecraft:grass":3,"mores:deepslate_sapphire_ore":7,"minecraft:gravel":1,"minecraft:stone":164,"epicpaladins:arclight_ore":12,"minecraft:birch_fence":1,"minecraft:deepslate":72,"minecraft:fern":4},"minecraft:picked_up":{"minecraft:wheat":10,"vampirism:vampire_blood_bottle":16,"vampirism:polished_dark_stone":2,"minecraft:glow_ink_sac":4,"minecraft:lead":2,"minecraft:smoker":1,"minecraft:gunpowder":1,"minecraft:lapis_lazuli":131,"minecraft:string":1,"mores:tourmaline_gem":22,"epicpaladins:bloodstone_gem":24,"minecraft:birch_fence":3,"minecraft:bone":11,"vampirism:human_heart":1,"minecraft:apple":57,"minecraft:bow":3,"minecraft:wheat_seeds":1,"minecraft:cobbled_deepslate":134,"minecraft:raw_gold":1,"minecraft:spruce_planks":4,"vampirism:item_garlic":1,"mores:turquoise_gem":5,"minecraft:iron_sword":1,"minecraft:book":3,"minecraft:raw_iron":1,"epicpaladins:arclight_gem":34,"minecraft:torch":10,"minecraft:spruce_stairs":3,"minecraft:gravel":2,"vampirism:amulet":1,"tombstone:grave_dust":13,"vampirism:vampire_fang":11,"minecraft:spruce_log":5,"minecraft:redstone":9,"minecraft:arrow":24,"minecraft:cactus":7,"vampirism:blood_bottle":1,"epicpaladins:cryorium_gem":9,"minecraft:rotten_flesh":12,"mores:sapphire_gem":7,"minecraft:diamond":1,"vampirism:cobbled_dark_stone":11,"mores:anthracite":9,"minecraft:bread":4,"tombstone:magic_scroll":1,"minecraft:cobblestone":180}},"DataVersion":3465}