{"stats":{"minecraft:dropped":{"sophisticatedbackpacks:iron_backpack":1,"minecraft:blackstone":4,"minecraft:cobbled_deepslate":4,"artifacts:aqua_dashers":1,"minecraft:tuff":10,"mores:amethyst_chestplate":1,"minecraft:apple":121,"minecraft:iron_horse_armor":1,"mores:amethyst_boots":1,"mores:amethyst_axe":1,"minecraft:saddle":1,"minecraft:birch_fence":2,"mores:amethyst_leggings":1,"mores:amethyst_sword":1,"vampirism:vampire_fang":2,"mores:amethyst_pickaxe":1,"mores:amethyst_shield":1,"artifacts:crystal_heart":2,"minecraft:spruce_log":128,"mores:amethyst_helmet":1},"minecraft:crafted":{"minecraft:crafting_table":1,"minecraft:spruce_planks":20},"minecraft:killed":{"vampirism:vampire":3,"vampirism:hunter":1,"minecraft:skeleton":10,"minecraft:zombie":10},"minecraft:custom":{"minecraft:interact_with_furnace":1,"minecraft:mob_kills":25,"vampirism:killed_with_stake":2,"minecraft:interact_with_crafting_table":4,"minecraft:leave_game":4,"minecraft:time_since_death":64087,"minecraft:sleep_in_bed":1,"minecraft:climb_one_cm":4085,"vampirism:actions_used":2,"minecraft:time_since_rest":17444,"minecraft:sprint_one_cm":139753,"minecraft:damage_taken":734,"minecraft:walk_one_cm":151049,"minecraft:drop":33,"vampirism:skills_unlocked":4,"minecraft:damage_dealt":5691,"vampirism:action_used_disguise_hunter":2,"minecraft:swim_one_cm":5566,"minecraft:fly_one_cm":198758,"minecraft:player_kills":1,"minecraft:open_chest":11,"minecraft:crouch_one_cm":6081,"minecraft:play_time":66967,"tombstone:undead_killed":20,"minecraft:deaths":1,"minecraft:sneak_time":1848,"minecraft:walk_under_water_one_cm":3556,"minecraft:jump":785,"vampirism:action_time_disguise_hunter":200,"minecraft:walk_on_water_one_cm":13529,"minecraft:total_world_time":66967,"vampirism:interact_with_injection_chair":5,"minecraft:fall_one_cm":31212,"minecraft:horse_one_cm":9025},"minecraft:used":{"epicpaladins:cryorium_sword":78,"epicpaladins:cryorium_pickaxe":115,"minecraft:spruce_planks":10,"epicpaladins:cryorium_axe":27,"minecraft:torch":86,"minecraft:crafting_table":1,"vampirism:stake":2,"minecraft:birch_fence":1,"minecraft:bread":15,"minecraft:cobblestone":10,"tombstone:gift":2,"minecraft:experience_bottle":370},"minecraft:mined":{"minecraft:spruce_planks":4,"minecraft:yellow_wall_banner":1,"minecraft:spruce_fence":4,"minecraft:dead_bush":1,"minecraft:rose_bush":1,"mores:anthracite_ore":9,"minecraft:lapis_ore":7,"epicpaladins:deepslate_arclight_ore":4,"minecraft:spruce_stairs":3,"epicpaladins:bloodstone_ore":6,"minecraft:cobblestone_wall":4,"minecraft:spruce_log":5,"minecraft:stripped_spruce_log":3,"minecraft:deepslate_lapis_ore":2,"minecraft:grass":1,"minecraft:stone":69,"epicpaladins:arclight_ore":11,"minecraft:deepslate":1,"minecraft:birch_fence":1,"minecraft:fern":4},"minecraft:picked_up":{"minecraft:wheat":10,"minecraft:lead":2,"minecraft:lapis_lazuli":61,"epicpaladins:bloodstone_gem":6,"minecraft:bone":6,"minecraft:birch_fence":3,"vampirism:human_heart":1,"minecraft:apple":57,"minecraft:bow":2,"minecraft:wheat_seeds":1,"minecraft:cobbled_deepslate":1,"minecraft:spruce_planks":4,"vampirism:item_garlic":1,"epicpaladins:arclight_gem":15,"minecraft:torch":2,"minecraft:spruce_stairs":3,"tombstone:grave_dust":12,"vampirism:vampire_fang":2,"minecraft:spruce_log":5,"minecraft:cactus":7,"minecraft:arrow":10,"minecraft:rotten_flesh":8,"mores:anthracite":9,"minecraft:bread":4,"minecraft:cobblestone":71}},"DataVersion":3465}