{"stats":{"minecraft:broken":{"minecraft:iron_pickaxe":1},"minecraft:dropped":{"minecraft:enchanted_book":1,"minecraft:bread":6,"minecraft:iron_sword":2,"biomesoplenty:jacaranda_sapling":3,"minecraft:wheat_seeds":4,"minecraft:iron_helmet":1,"minecraft:cookie":5,"biomesoplenty:lavender":1,"minecraft:cobblestone":138,"moonsweaponry:stone_hammer":2,"mores:tin_ingot":6,"minecraft:acacia_log":9,"minecraft:coal":95,"minecraft:stick":2,"born_in_chaos_v1:monster_flesh":2,"minecraft:dirt":3,"minecraft:torch":7,"mores:tourmaline_gem":15,"minecraft:wooden_axe":2,"minecraft:iron_axe":2,"minecraft:iron_pickaxe":4,"minecraft:furnace":2,"minecraft:stone_axe":2,"minecraft:goat_horn":1,"minecraft:golden_chestplate":1,"minecraft:cobbled_deepslate":5,"minecraft:cobblestone_wall":1,"minecraft:coarse_dirt":2,"minecraft:raw_copper":8,"minecraft:wheat":15,"minecraft:raw_iron":1,"minecraft:rotten_flesh":2,"mores:tin_axe":1,"moonsweaponry:wooden_scythe":1,"minecraft:golden_shovel":1,"minecraft:carrot":2,"minecraft:flint_and_steel":1,"mores:tin_pickaxe":1,"minecraft:flower_pot":1,"minecraft:mangrove_log":1,"born_in_chaos_v1:corpse_maggot":1,"mores:sterling_boots":1,"minecraft:bow":1,"minecraft:sandstone":2,"minecraft:stone_pickaxe":1,"minecraft:wooden_pickaxe":2,"moonsweaponry:stone_greatsword":1},"minecraft:custom":{"minecraft:mob_kills":64,"minecraft:interact_with_crafting_table":23,"minecraft:open_barrel":16,"goblintraders:trade_with_goblin":3,"minecraft:damage_dealt_resisted":396,"minecraft:leave_game":1,"minecraft:time_since_death":136188,"minecraft:damage_resisted":13,"minecraft:sprint_one_cm":278002,"minecraft:walk_one_cm":402697,"minecraft:drop":71,"minecraft:play_time":136188,"minecraft:sneak_time":7096,"minecraft:walk_under_water_one_cm":6812,"minecraft:jump":2457,"minecraft:interact_with_blast_furnace":7,"minecraft:walk_on_water_one_cm":11729,"minecraft:total_world_time":136188,"minecraft:interact_with_furnace":36,"tombstone:raider_killed":3,"minecraft:sleep_in_bed":3,"minecraft:time_since_rest":77770,"minecraft:damage_taken":2192,"minecraft:trigger_trapped_chest":3,"minecraft:damage_dealt":10714,"minecraft:swim_one_cm":27167,"minecraft:fly_one_cm":375862,"minecraft:open_chest":8,"minecraft:crouch_one_cm":18376,"tombstone:undead_killed":25,"minecraft:fall_one_cm":63715},"minecraft:killed":{"vampirism:vampire":2,"born_in_chaos_v1:zombie_lumberjack":1,"born_in_chaos_v1:restless_spirit":1,"born_in_chaos_v1:zombie_bruiser":1,"born_in_chaos_v1:baby_skeleton_minion":2,"born_in_chaos_v1:maggot":8,"minecraft:skeleton":8,"born_in_chaos_v1:firelight_not_despawn":4,"naturalist:vulture":1,"born_in_chaos_v1:bonescaller":1,"minecraft:pig":6,"born_in_chaos_v1:baby_skeleton":2,"minecraft:creeper":3,"born_in_chaos_v1:decrepit_skeleton":3,"minecraft:sheep":4,"minecraft:pillager":3,"minecraft:zombie":7,"born_in_chaos_v1:dread_hound":2,"born_in_chaos_v1:corpse_fly":1,"minecraft:cow":2},"minecraft:mined":{"minecraft:tuff":4,"epicpaladins:cryorium_ore":2,"vampirism:altar_pillar":12,"minecraft:lever":1,"minecraft:grass_block":1,"minecraft:sandstone":2,"epicpaladins:deepslate_arclight_ore":8,"biomesoplenty:jacaranda_log":52,"mores:deepslate_tourmaline_ore":24,"minecraft:furnace":4,"minecraft:cobbled_deepslate":1,"minecraft:iron_ore":72,"biomesoplenty:lavender":1,"minecraft:deepslate_lapis_ore":4,"minecraft:brown_bed":2,"mores:deepslate_cobalt_ore":1,"minecraft:deepslate_iron_ore":12,"vampirism:altar_infusion":1,"biomesoplenty:high_grass":1,"minecraft:stone":201,"biomesoplenty:jacaranda_leaves":3,"minecraft:deepslate_redstone_ore":1,"mores:cobalt_ore":16,"epicpaladins:deepslate_bloodstone_ore":6,"minecraft:crafting_table":3,"minecraft:blast_furnace":3,"minecraft:tall_grass":2,"minecraft:cobblestone":3,"minecraft:deepslate_gold_ore":6,"mores:tin_ore":3,"epicpaladins:bloodstone_ore":3,"minecraft:red_candle":1,"minecraft:coarse_dirt":1,"mores:deepslate_ruby_ore":3,"minecraft:cobblestone_wall":1,"epicpaladins:deepslate_cryorium_ore":5,"mores:deepslate_tin_ore":2,"minecraft:tnt":4,"minecraft:grass":18,"minecraft:coal_ore":185,"minecraft:dirt":6,"minecraft:sand":3,"minecraft:gravel":10,"mores:silver_ore":7,"minecraft:deepslate":54,"epicpaladins:arclight_ore":11,"vampirism:altar_tip":3},"minecraft:used":{"mores:tin_axe":62,"mores:tin_pickaxe":79,"minecraft:iron_sword":54,"born_in_chaos_v1:fried_maggot":3,"minecraft:torch":169,"minecraft:dirt":1,"minecraft:carrot":21,"minecraft:golden_shovel":11,"epicpaladins:arclight_sword":42,"born_in_chaos_v1:corpse_maggot":3,"minecraft:wooden_axe":1,"minecraft:iron_axe":1,"minecraft:iron_helmet":1,"moonsweaponry:stone_greatsword":11,"minecraft:furnace":6,"minecraft:gold_block":1,"tombstone:gift":1,"minecraft:cooked_beef":3,"minecraft:cobbled_deepslate":13,"minecraft:brown_bed":1,"minecraft:stone_pickaxe":77,"minecraft:baked_potato":9,"minecraft:wooden_pickaxe":16,"minecraft:sand":2,"minecraft:crafting_table":8,"minecraft:blast_furnace":2,"minecraft:crossbow":7,"moonsweaponry:stone_hammer":36,"epicpaladins:arclight_pickaxe":193,"born_in_chaos_v1:monster_flesh":1,"minecraft:bread":21,"minecraft:iron_pickaxe":310,"tombstone:magic_scroll":1,"minecraft:stone_axe":1,"moonsweaponry:wooden_scythe":47,"minecraft:cobblestone":17,"minecraft:cooked_porkchop":3,"minecraft:experience_bottle":3},"minecraft:picked_up":{"minecraft:wooden_axe":1,"minecraft:crafting_table":3,"minecraft:coarse_dirt":2,"artifacts:night_vision_goggles":1,"minecraft:flower_pot":1,"born_in_chaos_v1:seedof_chaos":2,"minecraft:wooden_pickaxe":1,"minecraft:brown_bed":2,"biomesoplenty:jacaranda_sapling":3,"minecraft:gold_block":1,"minecraft:enchanted_book":2,"minecraft:golden_shovel":1,"minecraft:raw_copper":8,"minecraft:iron_axe":1,"mores:tourmaline_gem":39,"epicpaladins:bloodstone_gem":9,"minecraft:red_candle":1,"minecraft:cobbled_deepslate":52,"minecraft:beef":3,"born_in_chaos_v1:gnawed_bones":1,"minecraft:mangrove_log":1,"minecraft:furnace":5,"minecraft:raw_iron":93,"minecraft:stick":21,"minecraft:sandstone":2,"epicpaladins:arclight_gem":19,"minecraft:torch":5,"minecraft:acacia_log":14,"minecraft:porkchop":14,"tombstone:grave_dust":5,"mores:raw_tin":12,"minecraft:tnt":4,"epicpaladins:cryorium_gem":7,"minecraft:arrow":13,"minecraft:rotten_flesh":13,"biomesoplenty:jacaranda_log":51,"minecraft:iron_block":1,"minecraft:mutton":8,"minecraft:white_wool":4,"minecraft:cobblestone":197,"biomesoplenty:lavender":1,"born_in_chaos_v1:corpse_maggot":7,"minecraft:feather":1,"born_in_chaos_v1:monster_flesh":4,"minecraft:leather":3,"minecraft:flint":4,"minecraft:cobblestone_wall":1,"minecraft:gunpowder":1,"minecraft:lapis_lazuli":28,"minecraft:dirt":4,"tombstone:gift":1,"born_in_chaos_v1:monster_skin":2,"minecraft:bone":23,"minecraft:stone_bricks":7,"minecraft:bow":1,"minecraft:wheat_seeds":4,"vampirism:altar_pillar":12,"minecraft:raw_gold":6,"minecraft:iron_ingot":3,"minecraft:iron_sword":1,"born_in_chaos_v1:ethereal_spirit":4,"mores:ruby_gem":3,"minecraft:sand":2,"dynamictrees:acacia_seed":8,"mores:raw_cobalt":17,"minecraft:blast_furnace":3,"vampirism:altar_infusion":1,"minecraft:spider_eye":4,"born_in_chaos_v1:fire_dust":4,"minecraft:stone_axe":1,"vampirism:altar_tip":3,"minecraft:bread":12,"tombstone:magic_scroll":2,"mores:raw_silver":6,"minecraft:coal":498,"moonsweaponry:stone_hammer":1},"minecraft:crafted":{"mores:tourmaline_helmet":1,"epicpaladins:arclight_sword":1,"mores:tin_pickaxe":1,"minecraft:furnace":4,"epicpaladins:arclight_pickaxe":1,"minecraft:cooked_mutton":8,"minecraft:iron_axe":1,"mores:tin_ingot":12,"moonsweaponry:stone_greatsword":1,"born_in_chaos_v1:fried_maggot":3,"minecraft:stone_pickaxe":1,"mores:tin_axe":1,"moonsweaponry:stone_hammer":1,"minecraft:cooked_beef":3,"mores:tourmaline_chestplate":1,"biomesoplenty:jacaranda_planks":204,"minecraft:cooked_porkchop":14,"minecraft:crafting_table":5,"mores:tourmaline_boots":1,"minecraft:iron_helmet":1,"minecraft:wooden_pickaxe":1,"minecraft:baked_potato":9,"minecraft:iron_sword":1,"epicpaladins:arclight_axe":1,"minecraft:bone":6,"minecraft:stone_axe":1,"minecraft:air":0,"minecraft:stick":88,"minecraft:iron_ingot":85,"minecraft:iron_pickaxe":2,"minecraft:wooden_axe":1,"moonsweaponry:wooden_scythe":1,"minecraft:gold_ingot":9,"minecraft:iron_leggings":1,"minecraft:acacia_planks":20,"minecraft:torch":203}},"DataVersion":3465}