{"stats":{"minecraft:used":{"mores:tin_axe":3,"minecraft:stone_pickaxe":40,"minecraft:baked_potato":7,"mores:tin_pickaxe":27,"minecraft:wooden_pickaxe":16,"born_in_chaos_v1:fried_maggot":3,"minecraft:sand":2,"minecraft:crafting_table":3,"minecraft:carrot":21,"moonsweaponry:stone_hammer":36,"minecraft:wooden_axe":1,"moonsweaponry:wooden_scythe":35,"minecraft:stone_axe":1,"moonsweaponry:stone_greatsword":11,"minecraft:cobblestone":3,"minecraft:furnace":2,"minecraft:gold_block":1},"minecraft:killed":{"naturalist:vulture":1,"minecraft:pig":4,"born_in_chaos_v1:baby_skeleton":1,"born_in_chaos_v1:zombie_bruiser":1,"born_in_chaos_v1:decrepit_skeleton":1,"born_in_chaos_v1:maggot":3,"minecraft:sheep":4,"minecraft:skeleton":2,"minecraft:pillager":3,"born_in_chaos_v1:firelight_not_despawn":4},"minecraft:custom":{"minecraft:interact_with_furnace":8,"minecraft:mob_kills":24,"tombstone:raider_killed":3,"minecraft:interact_with_crafting_table":8,"minecraft:time_since_death":53160,"minecraft:sleep_in_bed":2,"minecraft:time_since_rest":7578,"minecraft:sprint_one_cm":178215,"minecraft:damage_taken":567,"minecraft:walk_one_cm":156145,"minecraft:trigger_trapped_chest":2,"minecraft:drop":12,"minecraft:damage_dealt":3863,"minecraft:swim_one_cm":25182,"minecraft:fly_one_cm":238743,"minecraft:open_chest":4,"minecraft:crouch_one_cm":1967,"tombstone:undead_killed":5,"minecraft:play_time":53160,"minecraft:sneak_time":820,"minecraft:walk_under_water_one_cm":5543,"minecraft:jump":1159,"minecraft:walk_on_water_one_cm":7085,"minecraft:total_world_time":53160,"minecraft:fall_one_cm":36174},"minecraft:picked_up":{"minecraft:wooden_axe":1,"born_in_chaos_v1:corpse_maggot":3,"minecraft:coarse_dirt":2,"minecraft:crafting_table":2,"minecraft:feather":1,"minecraft:wooden_pickaxe":1,"minecraft:brown_bed":1,"minecraft:gold_block":1,"minecraft:red_candle":1,"minecraft:bone":6,"minecraft:stone_bricks":7,"minecraft:wheat_seeds":3,"vampirism:altar_pillar":12,"minecraft:iron_ingot":2,"minecraft:furnace":1,"minecraft:raw_iron":3,"minecraft:stick":17,"minecraft:sandstone":2,"minecraft:acacia_log":12,"minecraft:porkchop":8,"minecraft:sand":2,"dynamictrees:acacia_seed":8,"tombstone:grave_dust":3,"vampirism:altar_infusion":1,"mores:raw_tin":12,"minecraft:tnt":4,"born_in_chaos_v1:fire_dust":4,"minecraft:arrow":3,"minecraft:rotten_flesh":5,"minecraft:stone_axe":1,"vampirism:altar_tip":3,"minecraft:iron_block":1,"minecraft:mutton":8,"minecraft:white_wool":4,"minecraft:coal":45,"moonsweaponry:stone_hammer":1,"minecraft:cobblestone":30},"minecraft:dropped":{"minecraft:stone_axe":2,"minecraft:wheat_seeds":2,"minecraft:coarse_dirt":2,"moonsweaponry:stone_hammer":1,"minecraft:wooden_axe":2,"minecraft:sandstone":2,"minecraft:wooden_pickaxe":2},"minecraft:crafted":{"mores:tin_pickaxe":1,"minecraft:crafting_table":1,"minecraft:baked_potato":9,"minecraft:wooden_pickaxe":1,"minecraft:furnace":1,"minecraft:stone_axe":1,"minecraft:air":0,"mores:tin_ingot":12,"minecraft:stick":12,"moonsweaponry:stone_greatsword":1,"born_in_chaos_v1:fried_maggot":3,"minecraft:stone_pickaxe":1,"minecraft:wooden_axe":1,"moonsweaponry:wooden_scythe":1,"mores:tin_axe":1,"minecraft:acacia_planks":20,"moonsweaponry:stone_hammer":1},"minecraft:mined":{"minecraft:crafting_table":2,"vampirism:altar_pillar":12,"minecraft:lever":1,"minecraft:tall_grass":2,"minecraft:cobblestone":3,"mores:tin_ore":3,"minecraft:sandstone":2,"minecraft:red_candle":1,"minecraft:coarse_dirt":1,"minecraft:furnace":1,"minecraft:iron_ore":3,"minecraft:tnt":4,"minecraft:brown_bed":1,"minecraft:grass":12,"minecraft:coal_ore":24,"vampirism:altar_infusion":1,"minecraft:sand":3,"minecraft:stone":27,"vampirism:altar_tip":3}},"DataVersion":3465}