{"stats":{"minecraft:dropped":{"minecraft:birch_fence":2,"mores:amethyst_leggings":1,"mores:amethyst_sword":1,"vampirism:vampire_fang":2,"mores:amethyst_pickaxe":1,"artifacts:aqua_dashers":1,"minecraft:tuff":5,"mores:amethyst_chestplate":1,"mores:amethyst_shield":1,"minecraft:spruce_log":128,"artifacts:crystal_heart":2,"minecraft:apple":121,"minecraft:iron_horse_armor":1,"mores:amethyst_boots":1,"minecraft:saddle":1,"mores:amethyst_axe":1,"mores:amethyst_helmet":1,"sophisticatedbackpacks:iron_backpack":1},"minecraft:crafted":{"minecraft:crafting_table":1,"minecraft:spruce_planks":20},"minecraft:killed":{"vampirism:hunter":1},"minecraft:custom":{"minecraft:time_since_rest":28738,"minecraft:interact_with_furnace":1,"minecraft:sprint_one_cm":48475,"minecraft:damage_taken":397,"minecraft:walk_one_cm":61187,"minecraft:mob_kills":1,"minecraft:drop":30,"vampirism:skills_unlocked":4,"minecraft:damage_dealt":570,"minecraft:interact_with_crafting_table":4,"minecraft:fly_one_cm":48686,"minecraft:player_kills":1,"minecraft:open_chest":9,"minecraft:crouch_one_cm":618,"minecraft:play_time":32521,"minecraft:deaths":1,"minecraft:sneak_time":185,"minecraft:jump":237,"minecraft:leave_game":1,"minecraft:time_since_death":29641,"minecraft:walk_on_water_one_cm":240,"minecraft:total_world_time":32521,"minecraft:climb_one_cm":4085,"vampirism:interact_with_injection_chair":5,"minecraft:fall_one_cm":6491,"minecraft:horse_one_cm":9025},"minecraft:used":{"minecraft:birch_fence":1,"epicpaladins:cryorium_sword":5,"epicpaladins:cryorium_pickaxe":5,"minecraft:bread":4,"minecraft:spruce_planks":10,"epicpaladins:cryorium_axe":21,"minecraft:crafting_table":1,"tombstone:gift":1},"minecraft:mined":{"minecraft:spruce_stairs":3,"minecraft:spruce_planks":4,"minecraft:yellow_wall_banner":1,"minecraft:cobblestone_wall":4,"minecraft:spruce_log":5,"minecraft:stripped_spruce_log":3,"minecraft:grass":1,"minecraft:spruce_fence":4,"minecraft:dead_bush":1,"minecraft:birch_fence":1},"minecraft:picked_up":{"minecraft:wheat":10,"minecraft:lead":2,"minecraft:spruce_stairs":3,"vampirism:vampire_fang":1,"minecraft:spruce_log":5,"minecraft:birch_fence":3,"minecraft:cactus":7,"vampirism:human_heart":1,"minecraft:apple":57,"minecraft:spruce_planks":4,"vampirism:item_garlic":1,"minecraft:bread":4}},"DataVersion":3465}