{"stats":{"minecraft:killed":{"vampirism:vampire":88,"vampirism:advanced_vampire":12,"minecraft:spider":13,"minecraft:skeleton":21,"vampirism:blinding_bat":3,"vampirism:vampire_baron":4,"minecraft:pig":13,"minecraft:zombie_villager":1,"minecraft:creeper":5,"vampirism:hunter":1,"minecraft:sheep":8,"minecraft:zombie":25,"minecraft:cow":6,"minecraft:drowned":1,"minecraft:enderman":1},"minecraft:used":{"epicpaladins:bloodstone_pickaxe":1164,"minecraft:chest":19,"minecraft:rotten_flesh":3,"minecraft:carrot":9,"mores:alloy_furnace":2,"mores:cobalt_battleaxe":49,"minecraft:lava_bucket":5,"vampirism:enhanced_double_crossbow":5,"minecraft:furnace":5,"minecraft:potato":10,"vampirism:weapon_table":2,"biomesoplenty:magic_log":7,"vampirism:dark_spruce_slab":3,"epicpaladins:cryorium_axe":640,"minecraft:blast_furnace":2,"vampirism:stake":68,"minecraft:black_bed":1,"minecraft:birch_fence":1,"minecraft:bread":26,"minecraft:melon_slice":34,"minecraft:smithing_table":2,"minecraft:bone_meal":37,"minecraft:experience_bottle":370,"biomesoplenty:mahogany_planks":1,"mores:cobalt_shield":84,"epicpaladins:cryorium_pickaxe":399,"minecraft:spruce_planks":10,"minecraft:torch":291,"minecraft:dirt":61,"minecraft:anvil":3,"tombstone:gift":2,"minecraft:cooked_beef":27,"minecraft:cobbled_deepslate":4,"epicpaladins:cryorium_sword":295,"minecraft:cooked_mutton":13,"minecraft:water_bucket":55,"vampirism:hunter_axe_normal":319,"mores:topaz_shield":12,"vampirism:item_garlic":69,"biomesoplenty:mahogany_log":52,"biomesoplenty:mahogany_fence":28,"minecraft:crafting_table":3,"vampirism:hunter_table":1,"minecraft:smoker":2,"minecraft:apple":5,"biomesoplenty:mahogany_boat":3,"minecraft:cobblestone":282,"minecraft:cooked_porkchop":15,"minecraft:bucket":64,"minecraft:yellow_bed":1},"minecraft:broken":{"mores:tourmaline_boots":1},"minecraft:picked_up":{"minecraft:wheat":35,"minecraft:anvil":2,"minecraft:smithing_table":2,"minecraft:lead":2,"minecraft:string":20,"minecraft:raw_copper":12,"biomesoplenty:stripped_mahogany_log":1,"mores:tourmaline_gem":27,"epicpaladins:bloodstone_gem":33,"minecraft:beetroot":3,"minecraft:cobbled_deepslate":214,"mores:cobalt_pickaxe":1,"minecraft:spruce_planks":4,"minecraft:rose_bush":1,"minecraft:melon_slice":34,"mores:cobalt_battleaxe":1,"minecraft:furnace":13,"minecraft:stick":41,"epicpaladins:arclight_gem":38,"minecraft:composter":1,"minecraft:torch":23,"mores:cobalt_dagger":1,"minecraft:spruce_stairs":4,"minecraft:sandstone_wall":3,"minecraft:porkchop":25,"tombstone:grave_dust":15,"vampirism:vampire_fang":31,"vampirism:amulet":2,"biomesoplenty:mahogany_fence":2,"mores:raw_tin":12,"vampirism:hunter_table":1,"minecraft:rotten_flesh":22,"vampirism:blood_bottle":5,"minecraft:cactus":8,"epicpaladins:cryorium_gem":13,"biomesoplenty:mahogany_sapling":48,"minecraft:obsidian":18,"minecraft:cobblestone":909,"vampirism:weapon_table":2,"vampirism:vampire_book":1,"vampirism:med_chair":1,"minecraft:jungle_log":1,"minecraft:smoker":1,"minecraft:potato":20,"minecraft:flint":3,"create:raw_zinc":2,"biomesoplenty:mahogany_boat":2,"minecraft:lapis_lazuli":131,"minecraft:dirt":156,"minecraft:lantern":3,"minecraft:bone":17,"vampirism:soul_orb_vampire":6,"minecraft:bow":3,"minecraft:wheat_seeds":37,"minecraft:raw_gold":1,"vampirism:pure_blood_1":1,"vampirism:item_garlic":111,"minecraft:oak_planks":1,"mores:turquoise_gem":5,"biomesoplenty:mahogany_planks":3,"biomesoplenty:magic_sapling":12,"vampirism:cursed_spruce_log":9,"vampirism:ring":2,"minecraft:sand":3,"mores:raw_cobalt":2,"minecraft:lily_of_the_valley":3,"vampirism:pure_blood_0":2,"biomesoplenty:glowflower":1,"minecraft:bundle":1,"minecraft:diamond":1,"minecraft:bone_meal":2,"minecraft:bread":7,"biomesoplenty:pink_daffodil":2,"minecraft:crafting_table":1,"minecraft:allium":3,"minecraft:azure_bluet":1,"vampirism:dark_spruce_log":8,"minecraft:birch_fence":4,"vampirism:dark_spruce_slab":2,"minecraft:beef":9,"minecraft:chest":5,"minecraft:spruce_trapdoor":1,"minecraft:raw_iron":1,"mores:alloy_furnace":2,"minecraft:spruce_fence":6,"minecraft:carrot":19,"minecraft:redstone":10,"minecraft:arrow":28,"biomesoplenty:blue_hydrangea":13,"vampirism:cobbled_dark_stone":11,"minecraft:beetroot_seeds":7,"biomesoplenty:orange_sandstone":30,"minecraft:mutton":13,"minecraft:skeleton_skull":1,"minecraft:white_wool":8,"biomesoplenty:orange_sand":246,"vampirism:vampire_blood_bottle":28,"vampirism:polished_dark_stone":2,"minecraft:glow_ink_sac":4,"minecraft:leather":6,"minecraft:red_mushroom":2,"minecraft:gunpowder":5,"minecraft:yellow_bed":1,"minecraft:cobblestone_wall":1,"vampirism:human_heart":1,"minecraft:apple":62,"minecraft:iron_ingot":51,"tombstone:tablet_of_guard":1,"biomesoplenty:magic_log":19,"minecraft:iron_sword":3,"minecraft:book":145,"minecraft:gravel":18,"minecraft:blast_furnace":1,"minecraft:spruce_log":8,"minecraft:spider_eye":5,"biomesoplenty:mahogany_log":437,"mores:sapphire_gem":7,"mores:anthracite":10,"tombstone:magic_scroll":2,"minecraft:coal":82,"minecraft:sunflower":2},"minecraft:custom":{"minecraft:interact_with_crafting_table":51,"minecraft:open_barrel":24,"minecraft:leave_game":8,"minecraft:time_since_death":484435,"minecraft:sprint_one_cm":947148,"minecraft:damage_blocked_by_shield":2642,"minecraft:drop":105,"minecraft:talked_to_villager":3,"minecraft:play_time":487315,"minecraft:deaths":1,"minecraft:jump":5303,"vampirism:action_time_disguise_hunter":3472,"minecraft:walk_on_water_one_cm":64106,"minecraft:interact_with_furnace":17,"vampirism:interact_with_research_table":25,"minecraft:sleep_in_bed":9,"vampirism:actions_used":18,"minecraft:damage_dealt":58380,"minecraft:player_kills":1,"minecraft:crouch_one_cm":36501,"tombstone:undead_killed":48,"minecraft:interact_with_smoker":20,"minecraft:horse_one_cm":15498,"minecraft:interact_with_smithing_table":1,"minecraft:mob_kills":211,"minecraft:interact_with_anvil":4,"vampirism:killed_with_stake":43,"minecraft:damage_dealt_resisted":3399,"minecraft:climb_one_cm":16405,"minecraft:walk_one_cm":1171511,"vampirism:skills_unlocked":9,"minecraft:sneak_time":13718,"minecraft:walk_under_water_one_cm":14225,"minecraft:interact_with_blast_furnace":6,"minecraft:total_world_time":487315,"vampirism:interact_with_injection_chair":5,"minecraft:time_since_rest":1635,"minecraft:damage_taken":5183,"vampirism:weapon_table":7,"vampirism:action_used_disguise_hunter":18,"minecraft:swim_one_cm":24797,"minecraft:fly_one_cm":1432815,"minecraft:open_chest":340,"minecraft:fall_one_cm":230535},"minecraft:crafted":{"minecraft:smooth_stone":64,"vampirism:hunter_coat_head_normal":1,"vampirism:injection_garlic":1,"vampirism:hunter_coat_feet_normal":1,"vampirism:crossbow_arrow_normal":24,"minecraft:cooked_mutton":13,"minecraft:glass":10,"minecraft:chest":14,"vampirism:stake":2,"minecraft:cooked_porkchop":25,"minecraft:crafting_table":2,"minecraft:spruce_planks":20,"vampirism:basic_crossbow":1,"vampirism:enhanced_double_crossbow":1,"vampirism:hunter_axe_normal":1,"vampirism:dark_spruce_planks":24,"vampirism:hunter_axe_enhanced":1,"sophisticatedbackpacks:diamond_backpack":1,"minecraft:stick":116,"minecraft:iron_ingot":52,"mores:topaz_shield":1,"minecraft:iron_block":1,"biomesoplenty:mahogany_boat":1,"vampirism:hunter_coat_legs_normal":1,"mores:tourmaline_helmet":1,"vampirism:dark_spruce_slab":6,"biomesoplenty:mahogany_fence":27,"biomesoplenty:mahogany_planks":108,"minecraft:bone_meal":36,"vampirism:injection_empty":1,"minecraft:cooked_beef":34,"mores:cobalt_ingot":20,"minecraft:enchanting_table":1,"minecraft:bucket":1,"vampirism:weapon_table":1,"minecraft:air":0,"epicpaladins:bloodstone_pickaxe":1,"minecraft:torch":172},"minecraft:mined":{"minecraft:spruce_planks":4,"minecraft:farmland":1,"minecraft:obsidian":19,"minecraft:spruce_trapdoor":1,"minecraft:grass_block":29,"biomesoplenty:stripped_mahogany_log":1,"vampirism:dark_spruce_log":8,"vampirism:weapon_table":2,"biomesoplenty:orange_sandstone":15,"vampirism:hunter_table":1,"minecraft:composter":1,"mores:deepslate_tourmaline_ore":27,"minecraft:iron_ore":1,"minecraft:deepslate_lapis_ore":12,"minecraft:anvil":2,"mores:deepslate_sapphire_ore":7,"vampirism:dark_spruce_slab":2,"minecraft:deepslate_redstone_ore":1,"vampirism:polished_dark_stone":2,"minecraft:smoker":1,"mores:deepslate_anthracite_ore":1,"mores:alloy_furnace":2,"minecraft:torch":4,"minecraft:melon":7,"minecraft:chest":5,"minecraft:dead_bush":1,"mores:anthracite_ore":9,"minecraft:cobblestone":14,"minecraft:oak_planks":1,"mores:deepslate_turquoise_ore":6,"minecraft:wall_torch":7,"minecraft:skeleton_skull":1,"biomesoplenty:magic_leaves":3,"minecraft:wheat":13,"epicpaladins:deepslate_cryorium_ore":13,"minecraft:lilac":1,"vampirism:med_chair":1,"minecraft:black_bed":1,"minecraft:grass":25,"biomesoplenty:clover":3,"minecraft:beetroots":3,"minecraft:sand":3,"minecraft:dirt":100,"minecraft:sandstone_wall":3,"mores:deepslate_topaz_ore":2,"minecraft:oak_leaves":5,"epicpaladins:arclight_ore":12,"minecraft:deepslate":165,"biomesoplenty:mahogany_fence":2,"minecraft:yellow_wall_banner":1,"minecraft:deepslate_diamond_ore":1,"biomesoplenty:desert_grass":2,"biomesoplenty:bush":4,"minecraft:spruce_fence":8,"biomesoplenty:dune_grass":2,"epicpaladins:deepslate_arclight_ore":26,"minecraft:large_fern":1,"minecraft:redstone_ore":1,"minecraft:furnace":13,"minecraft:carrots":5,"minecraft:stripped_spruce_log":3,"biomesoplenty:magic_log":19,"minecraft:bookshelf":48,"minecraft:potatoes":13,"biomesoplenty:mahogany_leaves":83,"minecraft:stone":990,"minecraft:smithing_table":2,"mores:cobalt_ore":1,"vampirism:dark_stone":13,"epicpaladins:deepslate_bloodstone_ore":25,"biomesoplenty:orange_sand":45,"vampirism:cursed_spruce_log":9,"biomesoplenty:mahogany_planks":3,"minecraft:rose_bush":2,"minecraft:copper_ore":3,"biomesoplenty:huge_clover_petal":2,"minecraft:lapis_ore":7,"biomesoplenty:sprout":2,"minecraft:deepslate_gold_ore":1,"mores:tin_ore":1,"minecraft:spruce_stairs":4,"epicpaladins:bloodstone_ore":8,"minecraft:cobblestone_wall":5,"biomesoplenty:mahogany_log":443,"minecraft:spruce_log":8,"vampirism:cursed_roots":1,"minecraft:yellow_bed":1,"vampirism:garlic":50,"minecraft:coal_ore":73,"minecraft:sunflower":2,"minecraft:gravel":24,"minecraft:birch_fence":1,"minecraft:fern":13},"minecraft:dropped":{"sophisticatedbackpacks:iron_backpack":1,"minecraft:iron_sword":1,"minecraft:iron_horse_armor":1,"mores:amethyst_axe":1,"minecraft:saddle":1,"minecraft:dirt":88,"tombstone:bag_of_seeds":1,"minecraft:birch_fence":2,"mores:amethyst_leggings":1,"mores:amethyst_shield":1,"minecraft:sunflower":2,"minecraft:gravel":6,"minecraft:blackstone":4,"minecraft:cobbled_deepslate":137,"mores:amethyst_chestplate":1,"minecraft:sandstone_wall":3,"vampirism:vampire_blood_bottle":19,"vampirism:vampire_fang":2,"minecraft:skeleton_skull":1,"mores:amethyst_pickaxe":1,"minecraft:beetroot_seeds":1,"minecraft:arrow":10,"vampirism:cobbled_dark_stone":11,"minecraft:wheat_seeds":8,"minecraft:copper_block":11,"vampirism:vampire_book":1,"biomesoplenty:magic_sapling":12,"minecraft:cobblestone":94,"minecraft:book":2,"minecraft:apple":121,"minecraft:copper_ingot":14,"minecraft:spruce_stairs":1,"vampirism:amulet":1,"minecraft:stick":50,"biomesoplenty:orange_sand":246,"minecraft:torch":19,"mores:cobalt_shield":1,"artifacts:crystal_heart":2,"minecraft:string":4,"vampirism:injection_garlic":1,"minecraft:furnace":8,"minecraft:cobblestone_wall":1,"artifacts:aqua_dashers":1,"minecraft:tuff":10,"epicpaladins:bloodstone_gem":13,"mores:amethyst_boots":1,"mores:raw_cobalt":2,"minecraft:spruce_fence":2,"mores:amethyst_sword":1,"minecraft:spruce_log":131,"biomesoplenty:orange_sandstone":30,"biomesoplenty:magic_log":12,"minecraft:bow":2,"mores:amethyst_helmet":1}},"DataVersion":3465}