{"stats":{"minecraft:custom":{"vampirism:interact_with_altar_of_infusion":2,"minecraft:interact_with_crafting_table":51,"minecraft:open_barrel":65,"goblintraders:trade_with_goblin":3,"minecraft:bell_ring":9,"minecraft:leave_game":9,"minecraft:time_since_death":393447,"minecraft:damage_resisted":130,"minecraft:sprint_one_cm":835930,"minecraft:damage_blocked_by_shield":140,"vampirism:interact_with_totem":3,"minecraft:drop":122,"minecraft:play_time":393447,"minecraft:jump":6579,"minecraft:walk_on_water_one_cm":18472,"vampirism:altar_of_inspiration_rituals_performed":8,"minecraft:interact_with_furnace":51,"vampirism:action_used_bat":33,"minecraft:sleep_in_bed":11,"vampirism:actions_used":40,"vampirism:action_used_regen":5,"minecraft:damage_dealt":54351,"minecraft:crouch_one_cm":26304,"tombstone:undead_killed":95,"vampirism:action_used_infect":2,"minecraft:mob_kills":309,"vampirism:action_time_bat":19536,"minecraft:damage_dealt_resisted":8402,"minecraft:climb_one_cm":1624,"vampirism:amount_bitten":202,"minecraft:walk_one_cm":1286623,"vampirism:action_time_regen":1995,"vampirism:skills_unlocked":4,"vampirism:capture_village":1,"vampirism:infected_creatures":2,"vampirism:interact_with_altar_inspiration":25,"minecraft:sneak_time":12696,"minecraft:walk_under_water_one_cm":9273,"minecraft:interact_with_blast_furnace":16,"minecraft:total_world_time":393447,"vampirism:win_village_capture":1,"vampirism:blood_drunk":65600,"tombstone:raider_killed":10,"minecraft:time_since_rest":22795,"minecraft:damage_taken":100157,"minecraft:trigger_trapped_chest":3,"minecraft:swim_one_cm":50739,"minecraft:fly_one_cm":1678448,"minecraft:open_chest":48,"minecraft:fall_one_cm":164542},"minecraft:dropped":{"minecraft:iron_sword":2,"minecraft:brown_mushroom":1,"minecraft:porkchop":5,"minecraft:oak_log":2,"minecraft:crafting_table":1,"minecraft:cooked_porkchop":10,"minecraft:crossbow":2,"minecraft:cookie":5,"dynamictrees:spruce_seed":1,"mores:tin_ingot":6,"born_in_chaos_v1:monster_flesh":2,"minecraft:dirt":9,"minecraft:dark_oak_log":2,"minecraft:mutton":27,"minecraft:iron_pickaxe":4,"minecraft:birch_log":2,"minecraft:white_wool":1,"minecraft:stone_axe":2,"minecraft:goat_horn":2,"dynamictrees:oak_seed":1,"minecraft:golden_chestplate":2,"minecraft:cobbled_deepslate":5,"minecraft:wheat":15,"minecraft:rotten_flesh":6,"minecraft:cooked_mutton":8,"minecraft:golden_shovel":1,"biomesoplenty:white_petals":3,"minecraft:carrot":3,"mores:tin_pickaxe":1,"minecraft:tipped_arrow":3,"minecraft:mangrove_log":3,"naturalist:venison":1,"born_in_chaos_v1:corpse_maggot":14,"epicpaladins:arclight_pickaxe":1,"minecraft:arrow":23,"minecraft:enchanted_book":1,"minecraft:bread":6,"biomesoplenty:jacaranda_sapling":3,"minecraft:wheat_seeds":4,"minecraft:lilac":3,"biomesoplenty:lavender":1,"minecraft:iron_helmet":1,"minecraft:cobblestone":164,"moonsweaponry:stone_hammer":2,"minecraft:copper_ingot":15,"biomesoplenty:jacaranda_planks":22,"minecraft:acacia_log":11,"minecraft:coal":159,"minecraft:stick":2,"mores:tourmaline_gem":15,"minecraft:torch":13,"minecraft:wooden_axe":2,"vampirism:altar_inspiration":1,"born_in_chaos_v1:stimulating_decoction":4,"minecraft:iron_leggings":1,"minecraft:white_banner":1,"minecraft:iron_axe":2,"minecraft:furnace":2,"minecraft:coarse_dirt":2,"minecraft:cobblestone_wall":1,"minecraft:raw_copper":8,"minecraft:raw_iron":1,"mores:tin_axe":1,"moonsweaponry:wooden_scythe":1,"minecraft:flint_and_steel":1,"minecraft:flower_pot":1,"minecraft:stone_bricks":2,"minecraft:spider_eye":2,"minecraft:sandstone":2,"mores:sterling_boots":1,"minecraft:bow":2,"minecraft:stone_pickaxe":1,"minecraft:wooden_pickaxe":2,"moonsweaponry:stone_greatsword":1},"minecraft:picked_up":{"minecraft:wooden_axe":1,"minecraft:flower_pot":1,"minecraft:brown_bed":10,"minecraft:enchanted_book":3,"minecraft:golden_shovel":1,"minecraft:string":17,"minecraft:raw_copper":64,"mores:tourmaline_gem":39,"minecraft:red_candle":1,"epicpaladins:bloodstone_gem":9,"minecraft:cobbled_deepslate":57,"dynamictrees:oak_seed":1,"born_in_chaos_v1:stimulating_decoction":10,"minecraft:mangrove_log":3,"minecraft:furnace":9,"minecraft:tipped_arrow":3,"minecraft:stick":21,"born_in_chaos_v1:shattered_skull":3,"epicpaladins:arclight_gem":19,"born_in_chaos_v1:phantom_powder":4,"minecraft:torch":11,"minecraft:acacia_log":16,"minecraft:porkchop":43,"tombstone:grave_dust":11,"born_in_chaos_v1:nightmare_claw":2,"minecraft:golden_chestplate":1,"mores:raw_tin":12,"vampirism:blood_bottle":1,"epicpaladins:cryorium_gem":7,"minecraft:rotten_flesh":84,"minecraft:iron_block":2,"biomesoplenty:white_petals":3,"minecraft:cobblestone":231,"biomesoplenty:lavender":1,"minecraft:birch_log":6,"minecraft:feather":1,"minecraft:lilac":3,"minecraft:flint":4,"minecraft:lapis_lazuli":28,"minecraft:dirt":10,"born_in_chaos_v1:monster_skin":11,"minecraft:glass":1,"minecraft:bone":65,"minecraft:bow":2,"minecraft:wheat_seeds":5,"vampirism:altar_pillar":12,"minecraft:raw_gold":6,"minecraft:sand":46,"dynamictrees:acacia_seed":8,"mores:raw_cobalt":17,"minecraft:dark_oak_log":2,"vampirism:pure_blood_0":2,"minecraft:bundle":1,"born_in_chaos_v1:fire_dust":8,"minecraft:crossbow":1,"minecraft:bread":12,"mores:raw_silver":6,"moonsweaponry:stone_hammer":1,"minecraft:coarse_dirt":2,"minecraft:crafting_table":7,"artifacts:night_vision_goggles":1,"naturalist:venison":1,"born_in_chaos_v1:seedof_chaos":4,"dynamictrees:spruce_seed":1,"minecraft:brown_mushroom":2,"minecraft:wooden_pickaxe":1,"minecraft:gold_block":1,"biomesoplenty:jacaranda_sapling":3,"minecraft:chain":1,"minecraft:shield":1,"minecraft:iron_axe":1,"born_in_chaos_v1:intoxicating_decoction":3,"minecraft:beef":23,"born_in_chaos_v1:gnawed_bones":2,"minecraft:raw_iron":96,"minecraft:sandstone":2,"minecraft:copper_ingot":15,"born_in_chaos_v1:pieceofdarkmetal":5,"minecraft:carrot":1,"minecraft:tnt":4,"minecraft:arrow":48,"biomesoplenty:jacaranda_log":51,"vampirism:altar_inspiration":4,"born_in_chaos_v1:trident_hayfork":1,"minecraft:mutton":35,"minecraft:white_wool":21,"born_in_chaos_v1:fused_bone":5,"born_in_chaos_v1:corpse_maggot":20,"born_in_chaos_v1:monster_flesh":11,"minecraft:leather":19,"minecraft:oak_log":2,"minecraft:gunpowder":3,"biomesoplenty:jacaranda_planks":5,"minecraft:cobblestone_wall":1,"minecraft:white_banner":1,"tombstone:gift":1,"vampirism:human_heart":2,"epicpaladins:arclight_pickaxe":1,"minecraft:stone_bricks":7,"minecraft:iron_ingot":12,"minecraft:iron_sword":1,"minecraft:sweet_berries":4,"born_in_chaos_v1:ethereal_spirit":17,"mores:ruby_gem":3,"born_in_chaos_v1:dark_rod":4,"minecraft:red_banner":1,"minecraft:blast_furnace":5,"vampirism:altar_infusion":1,"minecraft:spider_eye":8,"born_in_chaos_v1:pile_of_skulls":1,"minecraft:stone_axe":1,"vampirism:altar_tip":3,"minecraft:iron_helmet":1,"tombstone:magic_scroll":3,"minecraft:black_wool":1,"minecraft:coal":937},"minecraft:killed":{"born_in_chaos_v1:zombie_clown":1,"vampirism:vampire":2,"minecraft:cave_spider":2,"vampirism:advanced_vampire":1,"born_in_chaos_v1:zombie_lumberjack":5,"born_in_chaos_v1:restless_spirit":6,"born_in_chaos_v1:skeleton_demoman":2,"born_in_chaos_v1:door_knight_not_despawn":1,"minecraft:spider":20,"born_in_chaos_v1:siamese_skeletonsright":3,"born_in_chaos_v1:baby_skeleton_minion":7,"minecraft:skeleton":11,"born_in_chaos_v1:skeleton_thrasher":1,"born_in_chaos_v1:firelight_not_despawn":8,"vampirism:vampire_baron":2,"minecraft:pig":6,"born_in_chaos_v1:bonescaller":2,"minecraft:creeper":3,"vampirism:hunter":21,"minecraft:sheep":5,"minecraft:pillager":10,"minecraft:zombie":20,"born_in_chaos_v1:dread_hound":9,"born_in_chaos_v1:corpse_fly":18,"minecraft:stray":5,"born_in_chaos_v1:door_knight":2,"born_in_chaos_v1:siamese_skeletonsleft":2,"minecraft:cow":6,"born_in_chaos_v1:zombie_clown_not_despawn":2,"born_in_chaos_v1:skeleton_thrasher_not_despawn":1,"born_in_chaos_v1:zombie_bruiser":6,"born_in_chaos_v1:maggot":20,"naturalist:vulture":1,"born_in_chaos_v1:spiritof_chaos":1,"naturalist:bear":1,"born_in_chaos_v1:baby_skeleton":9,"born_in_chaos_v1:swarmer":2,"born_in_chaos_v1:decrepit_skeleton":13,"born_in_chaos_v1:phantom_creeper_copy":2,"born_in_chaos_v1:dark_vortex":2,"born_in_chaos_v1:nightmare_stalker":2,"minecraft:enderman":1},"minecraft:broken":{"mores:tourmaline_helmet":1,"minecraft:iron_pickaxe":1},"minecraft:used":{"mores:tin_pickaxe":79,"minecraft:shield":5,"minecraft:iron_sword":54,"minecraft:carrot":21,"epicpaladins:arclight_sword":631,"born_in_chaos_v1:corpse_maggot":3,"minecraft:iron_helmet":1,"minecraft:stone_bricks":1,"minecraft:furnace":11,"minecraft:gold_block":1,"minecraft:stone_pickaxe":77,"minecraft:wooden_pickaxe":16,"vampirism:human_heart":1,"minecraft:sand":2,"minecraft:blast_furnace":5,"minecraft:crossbow":7,"epicpaladins:arclight_axe":12,"biomesoplenty:jacaranda_planks":58,"moonsweaponry:stone_hammer":36,"born_in_chaos_v1:monster_flesh":1,"minecraft:bread":21,"biomesoplenty:jacaranda_boat":1,"moonsweaponry:wooden_scythe":47,"minecraft:birch_log":1,"minecraft:experience_bottle":3,"mores:tin_axe":62,"born_in_chaos_v1:fried_maggot":3,"minecraft:torch":177,"minecraft:dirt":1,"minecraft:golden_shovel":32,"minecraft:wooden_axe":1,"minecraft:iron_block":1,"minecraft:iron_axe":1,"moonsweaponry:stone_greatsword":11,"minecraft:goat_horn":2,"tombstone:gift":3,"minecraft:cooked_beef":3,"minecraft:cobbled_deepslate":24,"minecraft:brown_bed":10,"born_in_chaos_v1:trident_hayfork":231,"vampirism:altar_inspiration":4,"minecraft:baked_potato":9,"minecraft:crafting_table":16,"epicpaladins:arclight_pickaxe":483,"minecraft:iron_pickaxe":310,"tombstone:magic_scroll":1,"minecraft:stone_axe":1,"minecraft:cobblestone":17,"minecraft:cooked_porkchop":4},"minecraft:mined":{"epicpaladins:cryorium_ore":2,"minecraft:grass_block":9,"born_in_chaos_v1:pile_of_skulls":1,"minecraft:spawner":7,"biomesoplenty:tall_lavender":3,"mores:deepslate_tourmaline_ore":24,"minecraft:iron_ore":75,"minecraft:cobbled_deepslate":2,"biomesoplenty:lavender":2,"minecraft:deepslate_lapis_ore":4,"minecraft:brown_bed":10,"minecraft:iron_block":1,"minecraft:deepslate_redstone_ore":1,"biomesoplenty:jacaranda_leaves":3,"minecraft:brown_mushroom":1,"biomesoplenty:jacaranda_planks":5,"minecraft:blast_furnace":5,"minecraft:cobblestone":3,"minecraft:red_candle":1,"minecraft:birch_log":1,"epicpaladins:deepslate_cryorium_ore":5,"minecraft:lilac":5,"minecraft:tnt":4,"minecraft:grass":51,"minecraft:sand":34,"minecraft:dirt":15,"mores:silver_ore":7,"epicpaladins:arclight_ore":11,"minecraft:deepslate":58,"minecraft:tuff":4,"vampirism:altar_inspiration":4,"minecraft:jack_o_lantern":1,"vampirism:altar_pillar":12,"minecraft:lever":1,"biomesoplenty:white_petals":1,"born_in_chaos_v1:gnawed_bones":1,"minecraft:sandstone":2,"epicpaladins:deepslate_arclight_ore":8,"dynamictrees:oak_leaves":1,"biomesoplenty:jacaranda_log":52,"minecraft:furnace":8,"dynamictrees:spruce_leaves":7,"mores:deepslate_cobalt_ore":1,"biomesoplenty:sea_oats":2,"vampirism:altar_infusion":1,"biomesoplenty:high_grass":1,"minecraft:deepslate_iron_ore":12,"minecraft:stone":302,"vampirism:cursed_earth":2,"mores:cobalt_ore":16,"epicpaladins:deepslate_bloodstone_ore":6,"minecraft:crafting_table":7,"minecraft:copper_ore":7,"minecraft:tall_grass":7,"minecraft:deepslate_gold_ore":6,"mores:tin_ore":3,"epicpaladins:bloodstone_ore":3,"minecraft:coarse_dirt":1,"mores:deepslate_ruby_ore":3,"minecraft:cobblestone_wall":1,"minecraft:sweet_berry_bush":15,"mores:deepslate_tin_ore":2,"minecraft:red_wall_banner":1,"minecraft:coal_ore":319,"minecraft:gravel":10,"minecraft:cobweb":2,"minecraft:fern":2,"vampirism:altar_tip":3},"minecraft:crafted":{"epicpaladins:arclight_sword":1,"epicpaladins:arclight_pickaxe":1,"minecraft:cooked_mutton":8,"minecraft:glass":13,"sophisticatedbackpacks:copper_backpack":1,"vampirism:altar_inspiration":1,"mores:tin_ingot":12,"moonsweaponry:stone_greatsword":1,"minecraft:chest":1,"moonsweaponry:stone_hammer":1,"minecraft:glass_bottle":9,"sophisticatedbackpacks:backpack":1,"biomesoplenty:jacaranda_planks":204,"mores:tourmaline_chestplate":1,"minecraft:cooked_porkchop":14,"minecraft:crafting_table":10,"mores:tourmaline_boots":1,"minecraft:iron_helmet":1,"minecraft:wooden_pickaxe":1,"minecraft:baked_potato":9,"minecraft:copper_ingot":13,"minecraft:shield":1,"minecraft:stick":88,"minecraft:iron_ingot":85,"minecraft:iron_pickaxe":2,"minecraft:iron_block":11,"minecraft:gold_ingot":9,"mores:tourmaline_helmet":1,"mores:tin_pickaxe":1,"minecraft:furnace":5,"minecraft:iron_axe":1,"born_in_chaos_v1:fried_maggot":3,"minecraft:stone_pickaxe":1,"mores:tourmaline_leggings":1,"mores:tin_axe":1,"sophisticatedbackpacks:iron_backpack":1,"minecraft:cooked_beef":3,"biomesoplenty:jacaranda_boat":1,"minecraft:iron_sword":1,"epicpaladins:arclight_axe":1,"sophisticatedbackpacks:gold_backpack":1,"minecraft:bone":6,"minecraft:stone_axe":1,"minecraft:air":0,"minecraft:wooden_axe":1,"moonsweaponry:wooden_scythe":1,"minecraft:iron_leggings":1,"vampirism:blood_container":1,"minecraft:acacia_planks":20,"minecraft:torch":203}},"DataVersion":3465}