{"stats":{"minecraft:dropped":{"sophisticatedbackpacks:iron_backpack":1,"minecraft:cobblestone":92,"minecraft:apple":121,"minecraft:iron_horse_armor":1,"mores:amethyst_axe":1,"minecraft:saddle":1,"vampirism:amulet":1,"tombstone:bag_of_seeds":1,"minecraft:birch_fence":2,"mores:amethyst_leggings":1,"mores:amethyst_shield":1,"artifacts:crystal_heart":2,"minecraft:string":1,"minecraft:gravel":1,"minecraft:blackstone":4,"minecraft:cobbled_deepslate":137,"artifacts:aqua_dashers":1,"minecraft:tuff":10,"mores:amethyst_chestplate":1,"mores:amethyst_boots":1,"mores:amethyst_sword":1,"vampirism:vampire_fang":2,"mores:amethyst_pickaxe":1,"minecraft:spruce_log":128,"minecraft:arrow":10,"minecraft:bow":2,"vampirism:cobbled_dark_stone":11,"mores:amethyst_helmet":1},"minecraft:crafted":{"minecraft:bone_meal":36,"minecraft:cooked_beef":14,"minecraft:crafting_table":1,"minecraft:spruce_planks":20,"minecraft:air":0,"minecraft:stick":64,"minecraft:torch":172},"minecraft:killed":{"vampirism:vampire":31,"vampirism:advanced_vampire":2,"minecraft:spider":1,"minecraft:skeleton":15,"minecraft:creeper":2,"vampirism:hunter":1,"minecraft:zombie":13},"minecraft:used":{"mores:cobalt_shield":79,"epicpaladins:cryorium_pickaxe":399,"minecraft:spruce_planks":10,"minecraft:torch":209,"minecraft:carrot":9,"mores:cobalt_battleaxe":49,"tombstone:gift":2,"minecraft:cooked_beef":10,"minecraft:potato":10,"minecraft:cobbled_deepslate":1,"epicpaladins:cryorium_sword":140,"minecraft:water_bucket":29,"vampirism:item_garlic":49,"epicpaladins:cryorium_axe":28,"minecraft:crafting_table":1,"vampirism:stake":47,"minecraft:smoker":1,"minecraft:birch_fence":1,"minecraft:bread":23,"minecraft:cobblestone":120,"minecraft:bucket":29,"minecraft:bone_meal":37,"minecraft:experience_bottle":370},"minecraft:custom":{"minecraft:interact_with_smithing_table":1,"minecraft:mob_kills":67,"vampirism:killed_with_stake":25,"minecraft:interact_with_crafting_table":4,"minecraft:open_barrel":16,"minecraft:damage_dealt_resisted":1332,"minecraft:leave_game":6,"minecraft:time_since_death":153815,"minecraft:climb_one_cm":8026,"minecraft:sprint_one_cm":346256,"minecraft:walk_one_cm":394813,"minecraft:damage_blocked_by_shield":2057,"minecraft:drop":48,"vampirism:skills_unlocked":5,"minecraft:deaths":1,"minecraft:play_time":156695,"minecraft:sneak_time":3552,"minecraft:walk_under_water_one_cm":6990,"minecraft:jump":1851,"vampirism:action_time_disguise_hunter":1265,"minecraft:walk_on_water_one_cm":37073,"minecraft:total_world_time":156695,"vampirism:interact_with_injection_chair":5,"minecraft:interact_with_furnace":1,"vampirism:interact_with_research_table":7,"minecraft:sleep_in_bed":1,"vampirism:actions_used":10,"minecraft:time_since_rest":107172,"minecraft:damage_taken":1556,"minecraft:damage_dealt":16656,"vampirism:action_used_disguise_hunter":10,"minecraft:swim_one_cm":13496,"minecraft:fly_one_cm":462757,"minecraft:player_kills":1,"minecraft:open_chest":54,"minecraft:crouch_one_cm":11984,"tombstone:undead_killed":28,"minecraft:interact_with_smoker":6,"minecraft:fall_one_cm":73157,"minecraft:horse_one_cm":9025},"minecraft:mined":{"minecraft:spruce_planks":4,"minecraft:yellow_wall_banner":1,"minecraft:deepslate_diamond_ore":1,"biomesoplenty:bush":1,"minecraft:spruce_fence":4,"epicpaladins:deepslate_arclight_ore":22,"minecraft:redstone_ore":1,"mores:deepslate_tourmaline_ore":22,"minecraft:carrots":5,"minecraft:iron_ore":1,"minecraft:stripped_spruce_log":3,"minecraft:deepslate_lapis_ore":12,"minecraft:bookshelf":1,"minecraft:potatoes":13,"mores:deepslate_sapphire_ore":7,"minecraft:stone":164,"minecraft:deepslate_redstone_ore":1,"vampirism:dark_stone":13,"epicpaladins:deepslate_bloodstone_ore":18,"vampirism:polished_dark_stone":2,"minecraft:smoker":1,"biomesoplenty:orange_sand":3,"minecraft:dead_bush":1,"minecraft:rose_bush":1,"mores:anthracite_ore":9,"minecraft:deepslate_gold_ore":1,"minecraft:lapis_ore":7,"minecraft:wall_torch":4,"mores:deepslate_turquoise_ore":6,"minecraft:spruce_stairs":3,"epicpaladins:bloodstone_ore":6,"minecraft:cobblestone_wall":4,"minecraft:wheat":11,"epicpaladins:deepslate_cryorium_ore":9,"minecraft:spruce_log":5,"minecraft:grass":3,"vampirism:garlic":16,"minecraft:beetroots":3,"minecraft:gravel":1,"minecraft:deepslate":72,"epicpaladins:arclight_ore":12,"minecraft:birch_fence":1,"minecraft:fern":4},"minecraft:picked_up":{"minecraft:wheat":15,"minecraft:lead":2,"minecraft:string":1,"mores:tourmaline_gem":22,"epicpaladins:bloodstone_gem":24,"minecraft:birch_fence":3,"minecraft:beetroot":3,"minecraft:cobbled_deepslate":134,"minecraft:spruce_planks":4,"minecraft:raw_iron":1,"epicpaladins:arclight_gem":34,"minecraft:torch":10,"minecraft:spruce_stairs":3,"tombstone:grave_dust":13,"vampirism:vampire_fang":11,"minecraft:carrot":19,"vampirism:amulet":1,"minecraft:redstone":9,"vampirism:blood_bottle":1,"minecraft:cactus":7,"minecraft:arrow":24,"minecraft:rotten_flesh":12,"epicpaladins:cryorium_gem":9,"vampirism:cobbled_dark_stone":11,"minecraft:beetroot_seeds":6,"minecraft:cobblestone":180,"vampirism:vampire_blood_bottle":16,"minecraft:glow_ink_sac":4,"vampirism:polished_dark_stone":2,"minecraft:smoker":1,"minecraft:potato":20,"minecraft:gunpowder":1,"minecraft:lapis_lazuli":131,"minecraft:bone":11,"vampirism:human_heart":1,"minecraft:apple":57,"minecraft:bow":3,"minecraft:wheat_seeds":19,"minecraft:raw_gold":1,"vampirism:item_garlic":60,"minecraft:iron_sword":1,"mores:turquoise_gem":5,"minecraft:book":3,"minecraft:gravel":2,"minecraft:spruce_log":5,"mores:sapphire_gem":7,"minecraft:diamond":1,"mores:anthracite":9,"minecraft:bone_meal":2,"minecraft:bread":4,"tombstone:magic_scroll":1}},"DataVersion":3465}