{"stats":{"minecraft:killed":{"vampirism:vampire":50,"vampirism:advanced_vampire":10,"minecraft:spider":4,"minecraft:skeleton":16,"vampirism:blinding_bat":2,"vampirism:vampire_baron":1,"minecraft:pig":8,"minecraft:zombie_villager":1,"minecraft:creeper":3,"vampirism:hunter":1,"minecraft:sheep":7,"minecraft:zombie":13,"minecraft:cow":4},"minecraft:used":{"epicpaladins:bloodstone_pickaxe":334,"biomesoplenty:mahogany_planks":1,"mores:cobalt_shield":84,"epicpaladins:cryorium_pickaxe":399,"minecraft:chest":19,"minecraft:spruce_planks":10,"minecraft:torch":291,"minecraft:dirt":52,"minecraft:anvil":3,"minecraft:carrot":9,"mores:alloy_furnace":2,"minecraft:lava_bucket":5,"mores:cobalt_battleaxe":49,"minecraft:furnace":5,"tombstone:gift":2,"minecraft:cooked_beef":14,"minecraft:potato":10,"minecraft:cobbled_deepslate":4,"epicpaladins:cryorium_sword":179,"minecraft:water_bucket":51,"vampirism:weapon_table":2,"vampirism:hunter_axe_normal":102,"biomesoplenty:magic_log":7,"vampirism:item_garlic":51,"epicpaladins:cryorium_axe":592,"biomesoplenty:mahogany_log":52,"biomesoplenty:mahogany_fence":28,"minecraft:crafting_table":2,"vampirism:hunter_table":1,"minecraft:blast_furnace":2,"vampirism:stake":55,"minecraft:black_bed":1,"minecraft:smoker":2,"minecraft:birch_fence":1,"minecraft:apple":5,"minecraft:melon_slice":34,"minecraft:bread":26,"minecraft:cobblestone":228,"minecraft:smithing_table":2,"minecraft:bucket":57,"minecraft:yellow_bed":1,"minecraft:bone_meal":37,"minecraft:experience_bottle":370},"minecraft:picked_up":{"minecraft:crafting_table":1,"minecraft:allium":3,"minecraft:wheat":35,"minecraft:azure_bluet":1,"minecraft:anvil":2,"minecraft:smithing_table":2,"minecraft:lead":2,"minecraft:string":5,"biomesoplenty:stripped_mahogany_log":1,"mores:tourmaline_gem":27,"epicpaladins:bloodstone_gem":33,"minecraft:birch_fence":4,"minecraft:beetroot":3,"mores:cobalt_pickaxe":1,"minecraft:cobbled_deepslate":214,"minecraft:spruce_planks":4,"minecraft:beef":7,"minecraft:melon_slice":34,"mores:cobalt_battleaxe":1,"minecraft:chest":5,"minecraft:furnace":13,"minecraft:stick":39,"minecraft:raw_iron":1,"minecraft:composter":1,"epicpaladins:arclight_gem":38,"minecraft:torch":23,"mores:cobalt_dagger":1,"minecraft:spruce_stairs":3,"mores:alloy_furnace":2,"minecraft:spruce_fence":4,"minecraft:porkchop":13,"tombstone:grave_dust":14,"vampirism:vampire_fang":18,"vampirism:amulet":1,"minecraft:carrot":19,"biomesoplenty:mahogany_fence":2,"minecraft:redstone":9,"biomesoplenty:blue_hydrangea":13,"vampirism:hunter_table":1,"minecraft:cactus":8,"vampirism:blood_bottle":5,"minecraft:arrow":24,"epicpaladins:cryorium_gem":13,"minecraft:rotten_flesh":12,"vampirism:cobbled_dark_stone":11,"minecraft:beetroot_seeds":7,"biomesoplenty:mahogany_sapling":48,"minecraft:mutton":11,"minecraft:obsidian":18,"minecraft:white_wool":7,"minecraft:cobblestone":295,"vampirism:vampire_book":1,"vampirism:weapon_table":2,"vampirism:vampire_blood_bottle":21,"vampirism:med_chair":1,"minecraft:glow_ink_sac":4,"vampirism:polished_dark_stone":2,"minecraft:jungle_log":1,"minecraft:leather":3,"minecraft:red_mushroom":2,"minecraft:smoker":1,"minecraft:potato":20,"create:raw_zinc":2,"minecraft:yellow_bed":1,"minecraft:gunpowder":3,"minecraft:dirt":64,"minecraft:lapis_lazuli":131,"vampirism:soul_orb_vampire":6,"minecraft:bone":11,"vampirism:human_heart":1,"minecraft:apple":62,"minecraft:bow":3,"minecraft:wheat_seeds":35,"minecraft:raw_gold":1,"vampirism:item_garlic":108,"biomesoplenty:magic_log":19,"biomesoplenty:mahogany_planks":3,"minecraft:iron_sword":2,"mores:turquoise_gem":5,"minecraft:book":18,"biomesoplenty:magic_sapling":12,"vampirism:ring":1,"minecraft:gravel":2,"minecraft:sand":3,"mores:raw_cobalt":2,"minecraft:blast_furnace":1,"minecraft:spruce_log":8,"minecraft:lily_of_the_valley":3,"vampirism:pure_blood_0":1,"biomesoplenty:glowflower":1,"biomesoplenty:mahogany_log":437,"mores:sapphire_gem":7,"minecraft:diamond":1,"mores:anthracite":10,"minecraft:bone_meal":2,"minecraft:bread":7,"biomesoplenty:pink_daffodil":2,"tombstone:magic_scroll":1,"minecraft:coal":37,"minecraft:sunflower":2},"minecraft:custom":{"minecraft:interact_with_smithing_table":1,"minecraft:interact_with_anvil":2,"minecraft:mob_kills":122,"vampirism:killed_with_stake":33,"minecraft:interact_with_crafting_table":44,"minecraft:open_barrel":24,"minecraft:damage_dealt_resisted":2236,"minecraft:leave_game":7,"minecraft:time_since_death":319253,"minecraft:climb_one_cm":12449,"minecraft:sprint_one_cm":632862,"minecraft:walk_one_cm":793723,"minecraft:damage_blocked_by_shield":2136,"minecraft:drop":79,"vampirism:skills_unlocked":5,"minecraft:deaths":1,"minecraft:play_time":322133,"minecraft:sneak_time":13222,"minecraft:walk_under_water_one_cm":12084,"minecraft:jump":3632,"vampirism:action_time_disguise_hunter":1555,"minecraft:walk_on_water_one_cm":50536,"minecraft:total_world_time":322133,"vampirism:interact_with_injection_chair":5,"minecraft:interact_with_furnace":6,"vampirism:interact_with_research_table":8,"minecraft:sleep_in_bed":4,"vampirism:actions_used":14,"minecraft:time_since_rest":107872,"minecraft:damage_taken":2291,"minecraft:damage_dealt":30760,"vampirism:weapon_table":1,"vampirism:action_used_disguise_hunter":14,"minecraft:swim_one_cm":21298,"minecraft:fly_one_cm":882529,"minecraft:player_kills":1,"minecraft:open_chest":200,"minecraft:crouch_one_cm":35113,"tombstone:undead_killed":30,"minecraft:interact_with_smoker":6,"minecraft:fall_one_cm":140874,"minecraft:horse_one_cm":15498},"minecraft:crafted":{"biomesoplenty:mahogany_fence":27,"vampirism:injection_garlic":1,"biomesoplenty:mahogany_planks":108,"minecraft:bone_meal":36,"vampirism:injection_empty":1,"minecraft:glass":10,"vampirism:stake":2,"minecraft:chest":14,"minecraft:cooked_beef":14,"minecraft:enchanting_table":1,"minecraft:crafting_table":1,"minecraft:spruce_planks":20,"minecraft:bucket":1,"vampirism:weapon_table":1,"minecraft:air":0,"vampirism:hunter_axe_normal":1,"epicpaladins:bloodstone_pickaxe":1,"sophisticatedbackpacks:diamond_backpack":1,"minecraft:stick":112,"mores:topaz_shield":1,"minecraft:iron_block":1,"minecraft:torch":172},"minecraft:mined":{"biomesoplenty:mahogany_fence":2,"minecraft:spruce_planks":4,"minecraft:yellow_wall_banner":1,"minecraft:farmland":1,"minecraft:deepslate_diamond_ore":1,"minecraft:obsidian":19,"minecraft:grass_block":13,"biomesoplenty:bush":1,"minecraft:spruce_fence":6,"biomesoplenty:stripped_mahogany_log":1,"vampirism:weapon_table":2,"vampirism:hunter_table":1,"minecraft:composter":1,"epicpaladins:deepslate_arclight_ore":26,"minecraft:redstone_ore":1,"mores:deepslate_tourmaline_ore":27,"minecraft:furnace":13,"minecraft:carrots":5,"minecraft:iron_ore":1,"minecraft:stripped_spruce_log":3,"minecraft:anvil":2,"minecraft:deepslate_lapis_ore":12,"biomesoplenty:magic_log":19,"biomesoplenty:mahogany_leaves":83,"minecraft:bookshelf":6,"minecraft:potatoes":13,"mores:deepslate_sapphire_ore":7,"minecraft:stone":285,"minecraft:smithing_table":2,"minecraft:deepslate_redstone_ore":1,"mores:cobalt_ore":1,"vampirism:dark_stone":13,"epicpaladins:deepslate_bloodstone_ore":25,"vampirism:polished_dark_stone":2,"minecraft:smoker":1,"biomesoplenty:orange_sand":3,"mores:deepslate_anthracite_ore":1,"mores:alloy_furnace":2,"minecraft:torch":4,"biomesoplenty:mahogany_planks":3,"minecraft:melon":7,"minecraft:chest":5,"minecraft:dead_bush":1,"minecraft:rose_bush":1,"mores:anthracite_ore":9,"minecraft:copper_ore":1,"minecraft:cobblestone":7,"biomesoplenty:sprout":2,"minecraft:deepslate_gold_ore":1,"minecraft:lapis_ore":7,"minecraft:wall_torch":7,"mores:deepslate_turquoise_ore":6,"minecraft:spruce_stairs":3,"epicpaladins:bloodstone_ore":8,"biomesoplenty:magic_leaves":3,"minecraft:cobblestone_wall":4,"biomesoplenty:mahogany_log":442,"minecraft:wheat":13,"epicpaladins:deepslate_cryorium_ore":13,"vampirism:med_chair":1,"minecraft:spruce_log":8,"minecraft:black_bed":1,"minecraft:yellow_bed":1,"minecraft:grass":7,"biomesoplenty:clover":1,"vampirism:garlic":48,"minecraft:coal_ore":37,"minecraft:beetroots":3,"minecraft:sunflower":2,"minecraft:gravel":1,"minecraft:sand":3,"minecraft:dirt":54,"mores:deepslate_topaz_ore":2,"minecraft:oak_leaves":3,"minecraft:deepslate":165,"epicpaladins:arclight_ore":12,"minecraft:birch_fence":1,"minecraft:fern":10},"minecraft:dropped":{"sophisticatedbackpacks:iron_backpack":1,"minecraft:wheat_seeds":7,"minecraft:copper_block":11,"biomesoplenty:magic_sapling":12,"minecraft:cobblestone":94,"minecraft:apple":121,"minecraft:copper_ingot":14,"minecraft:iron_horse_armor":1,"minecraft:saddle":1,"mores:amethyst_axe":1,"vampirism:amulet":1,"minecraft:dirt":6,"tombstone:bag_of_seeds":1,"minecraft:birch_fence":2,"mores:amethyst_leggings":1,"minecraft:torch":18,"mores:cobalt_shield":1,"mores:amethyst_shield":1,"artifacts:crystal_heart":2,"minecraft:string":4,"vampirism:injection_garlic":1,"minecraft:gravel":1,"minecraft:furnace":8,"minecraft:blackstone":4,"minecraft:cobbled_deepslate":137,"artifacts:aqua_dashers":1,"minecraft:tuff":10,"mores:amethyst_chestplate":1,"epicpaladins:bloodstone_gem":13,"mores:raw_cobalt":2,"mores:amethyst_boots":1,"minecraft:spruce_fence":2,"mores:amethyst_sword":1,"vampirism:vampire_blood_bottle":19,"vampirism:vampire_fang":2,"mores:amethyst_pickaxe":1,"minecraft:beetroot_seeds":1,"minecraft:spruce_log":131,"biomesoplenty:magic_log":12,"minecraft:arrow":10,"minecraft:bow":2,"vampirism:cobbled_dark_stone":11,"mores:amethyst_helmet":1}},"DataVersion":3465}