{"stats":{"minecraft:killed":{"minecraft:creeper":2,"minecraft:zombie":1,"minecraft:enderman":1},"minecraft:used":{"biomesoplenty:mahogany_planks":649,"biomesoplenty:magic_log":1,"biomesoplenty:mahogany_slab":22,"biomesoplenty:mahogany_log":33,"minecraft:torch":22,"minecraft:dirt":8,"biomesoplenty:mahogany_fence":14,"minecraft:crafting_table":2,"minecraft:jungle_planks":1,"biomesoplenty:mahogany_door":2,"minecraft:black_bed":4,"biomesoplenty:mahogany_stairs":27,"mores:amethyst_axe":538,"mores:amethyst_sword":57,"minecraft:apple":23,"biomesoplenty:pink_daffodil":1,"minecraft:bread":1,"mores:amethyst_pickaxe":143,"epicpaladins:bloodstone_shovel":320,"minecraft:furnace":12,"biomesoplenty:blue_hydrangea":1},"minecraft:killed_by":{"minecraft:player":1},"minecraft:picked_up":{"minecraft:crafting_table":1,"vampirism:injection_garlic":1,"minecraft:allium":3,"minecraft:azure_bluet":1,"vampirism:vampire_blood_bottle":19,"minecraft:jungle_log":2,"mores:amethyst_sword":1,"minecraft:black_bed":4,"minecraft:lead":1,"minecraft:red_mushroom":2,"mores:amethyst_shield":1,"create:raw_zinc":2,"mores:amethyst_leggings":1,"minecraft:string":2,"minecraft:dirt":325,"biomesoplenty:mahogany_slab":4,"biomesoplenty:stripped_mahogany_log":5,"epicpaladins:bloodstone_gem":13,"mores:amethyst_helmet":1,"minecraft:birch_fence":1,"minecraft:apple":64,"minecraft:wheat_seeds":16,"artifacts:aqua_dashers":1,"biomesoplenty:magic_log":53,"mores:amethyst_boots":1,"biomesoplenty:mahogany_planks":100,"biomesoplenty:magic_sapling":7,"minecraft:stick":1,"minecraft:torch":36,"minecraft:spruce_fence":2,"minecraft:sand":1,"minecraft:blast_furnace":1,"sophisticatedbackpacks:iron_backpack":1,"tombstone:grave_dust":1,"vampirism:vampire_fang":2,"minecraft:spruce_log":128,"minecraft:lily_of_the_valley":3,"minecraft:iron_horse_armor":1,"biomesoplenty:glowflower":2,"biomesoplenty:blue_hydrangea":15,"biomesoplenty:mahogany_log":270,"minecraft:cactus":1,"minecraft:rotten_flesh":2,"mores:amethyst_axe":1,"artifacts:crystal_heart":1,"biomesoplenty:mahogany_sapling":1,"mores:cobalt_shield":1,"biomesoplenty:mahogany_stairs":1,"minecraft:saddle":1,"mores:amethyst_chestplate":1,"mores:amethyst_pickaxe":1,"biomesoplenty:pink_daffodil":3,"minecraft:coal":16,"minecraft:cobblestone":117},"minecraft:custom":{"minecraft:mob_kills":4,"minecraft:interact_with_crafting_table":12,"vampirism:interact_with_research_table":2,"minecraft:leave_game":1,"minecraft:time_since_death":103865,"minecraft:sleep_in_bed":6,"minecraft:climb_one_cm":4664,"minecraft:time_since_rest":35872,"minecraft:sprint_one_cm":154945,"vampirism:amount_bitten":5,"minecraft:walk_one_cm":352334,"minecraft:damage_taken":100763,"minecraft:drop":2,"minecraft:damage_dealt":1079,"vampirism:skills_unlocked":2,"minecraft:fly_one_cm":97653,"minecraft:open_chest":20,"minecraft:crouch_one_cm":3744,"minecraft:play_time":105993,"tombstone:undead_killed":1,"minecraft:deaths":1,"minecraft:sneak_time":1047,"minecraft:jump":934,"minecraft:interact_with_blast_furnace":1,"minecraft:walk_on_water_one_cm":6626,"minecraft:total_world_time":105993,"vampirism:interact_with_injection_chair":16,"minecraft:fall_one_cm":2076,"minecraft:horse_one_cm":8357},"minecraft:crafted":{"epicpaladins:bloodstone_shovel":1,"biomesoplenty:mahogany_fence":21,"minecraft:crafting_table":1,"biomesoplenty:mahogany_planks":782,"minecraft:furnace":12,"biomesoplenty:mahogany_slab":60,"minecraft:jungle_planks":8,"biomesoplenty:mahogany_door":3,"minecraft:stick":36,"biomesoplenty:mahogany_stairs":44,"biomesoplenty:magic_planks":4},"minecraft:mined":{"create:zinc_ore":2,"minecraft:lily_of_the_valley":1,"biomesoplenty:desert_grass":1,"minecraft:crafting_table":1,"minecraft:torch":6,"minecraft:blast_furnace":1,"minecraft:grass_block":256,"minecraft:spruce_fence":2,"biomesoplenty:stripped_mahogany_log":5,"biomesoplenty:mahogany_planks":99,"minecraft:jungle_log":3,"minecraft:mushroom_stem":11,"biomesoplenty:high_grass_plant":1,"minecraft:tall_grass":1,"biomesoplenty:sprout":34,"biomesoplenty:mahogany_slab":3,"minecraft:wall_torch":12,"biomesoplenty:magic_leaves":43,"biomesoplenty:blue_hydrangea":13,"biomesoplenty:mahogany_log":273,"minecraft:black_bed":3,"biomesoplenty:clover":7,"biomesoplenty:mahogany_stairs":1,"biomesoplenty:magic_log":53,"minecraft:grass":50,"biomesoplenty:high_grass":1,"minecraft:vine":1,"minecraft:coal_ore":18,"biomesoplenty:mahogany_leaves":4,"minecraft:dirt":88,"minecraft:red_mushroom_block":10,"minecraft:stone":118,"minecraft:birch_fence":1,"minecraft:fern":29},"minecraft:dropped":{"minecraft:wheat_seeds":1,"minecraft:blast_furnace":1}},"DataVersion":3465}