{"stats":{"minecraft:killed":{"vampirism:vampire":5,"vampirism:blinding_bat":1,"minecraft:drowned":1,"minecraft:creeper":2,"minecraft:zombie":1,"minecraft:enderman":1},"minecraft:used":{"biomesoplenty:mahogany_planks":649,"biomesoplenty:mahogany_slab":22,"minecraft:torch":50,"minecraft:dirt":11,"minecraft:jungle_planks":1,"mores:alloy_furnace":1,"biomesoplenty:mahogany_stairs":27,"mores:amethyst_sword":146,"minecraft:lava_bucket":4,"mores:amethyst_pickaxe":280,"epicpaladins:bloodstone_shovel":322,"minecraft:furnace":12,"biomesoplenty:blue_hydrangea":1,"minecraft:water_bucket":1,"vampirism:weapon_table":1,"biomesoplenty:magic_log":1,"biomesoplenty:mahogany_log":33,"biomesoplenty:mahogany_fence":14,"minecraft:crafting_table":2,"biomesoplenty:mahogany_door":2,"biomesoplenty:magic_planks":4,"minecraft:black_bed":4,"mores:amethyst_axe":539,"minecraft:apple":31,"biomesoplenty:pink_daffodil":1,"minecraft:bread":4,"minecraft:cobblestone":67,"minecraft:bucket":6},"minecraft:killed_by":{"minecraft:player":1},"minecraft:picked_up":{"minecraft:crafting_table":1,"vampirism:injection_garlic":1,"minecraft:allium":3,"minecraft:azure_bluet":1,"mores:amethyst_sword":1,"minecraft:lead":1,"mores:amethyst_shield":1,"minecraft:string":5,"minecraft:raw_copper":11,"biomesoplenty:stripped_mahogany_log":5,"epicpaladins:bloodstone_gem":13,"minecraft:birch_fence":1,"minecraft:cobbled_deepslate":35,"artifacts:aqua_dashers":1,"minecraft:furnace":10,"minecraft:stick":2,"minecraft:torch":50,"minecraft:spruce_fence":2,"mores:topaz_gem":1,"tombstone:grave_dust":1,"vampirism:vampire_fang":5,"minecraft:iron_horse_armor":1,"mores:raw_tin":36,"vampirism:blood_bottle":2,"minecraft:cactus":1,"biomesoplenty:blue_hydrangea":15,"minecraft:rotten_flesh":2,"mores:amethyst_axe":1,"biomesoplenty:mahogany_sapling":1,"biomesoplenty:mahogany_stairs":1,"minecraft:saddle":1,"mores:amethyst_pickaxe":1,"minecraft:cobblestone":185,"vampirism:vampire_book":1,"vampirism:vampire_blood_bottle":20,"minecraft:jungle_log":2,"minecraft:black_bed":4,"minecraft:red_mushroom":2,"create:raw_zinc":2,"mores:amethyst_leggings":1,"minecraft:dirt":363,"biomesoplenty:mahogany_slab":4,"mores:amethyst_helmet":1,"minecraft:apple":68,"minecraft:wheat_seeds":16,"minecraft:raw_gold":9,"biomesoplenty:magic_log":65,"mores:amethyst_boots":1,"biomesoplenty:mahogany_planks":100,"biomesoplenty:magic_sapling":24,"minecraft:gravel":2,"minecraft:sand":1,"sophisticatedbackpacks:iron_backpack":1,"minecraft:blast_furnace":1,"minecraft:spruce_log":128,"minecraft:lily_of_the_valley":3,"biomesoplenty:glowflower":2,"biomesoplenty:mahogany_log":270,"minecraft:diamond":2,"artifacts:crystal_heart":1,"minecraft:granite":2,"mores:cobalt_shield":1,"mores:amethyst_chestplate":1,"biomesoplenty:pink_daffodil":3,"minecraft:coal":16},"minecraft:custom":{"minecraft:mob_kills":12,"minecraft:interact_with_crafting_table":17,"minecraft:open_barrel":1,"minecraft:damage_dealt_resisted":474,"minecraft:leave_game":3,"minecraft:time_since_death":151307,"minecraft:climb_one_cm":4664,"vampirism:amount_bitten":5,"minecraft:sprint_one_cm":204826,"minecraft:walk_one_cm":472034,"minecraft:drop":17,"vampirism:skills_unlocked":5,"minecraft:sneak_time":1725,"minecraft:play_time":153435,"minecraft:deaths":1,"minecraft:walk_under_water_one_cm":267,"minecraft:jump":1371,"minecraft:interact_with_blast_furnace":8,"minecraft:walk_on_water_one_cm":12650,"minecraft:total_world_time":153435,"vampirism:interact_with_injection_chair":16,"minecraft:interact_with_furnace":12,"vampirism:interact_with_research_table":4,"minecraft:sleep_in_bed":6,"minecraft:time_since_rest":83314,"minecraft:damage_taken":101326,"minecraft:damage_dealt":5818,"minecraft:swim_one_cm":59,"minecraft:fly_one_cm":131877,"minecraft:open_chest":60,"minecraft:crouch_one_cm":4091,"tombstone:undead_killed":2,"minecraft:interact_with_smoker":1,"minecraft:fall_one_cm":2076,"minecraft:horse_one_cm":8357},"minecraft:crafted":{"epicpaladins:bloodstone_shovel":1,"biomesoplenty:mahogany_fence":21,"biomesoplenty:mahogany_planks":782,"minecraft:furnace":12,"biomesoplenty:mahogany_slab":60,"mores:tin_ingot":11,"biomesoplenty:magic_planks":4,"biomesoplenty:mahogany_stairs":44,"mores:alloy_furnace":1,"minecraft:crafting_table":1,"minecraft:bucket":2,"vampirism:weapon_table":1,"minecraft:jungle_planks":8,"biomesoplenty:mahogany_door":3,"minecraft:stick":36,"minecraft:iron_ingot":18,"minecraft:iron_block":3},"minecraft:mined":{"create:zinc_ore":2,"minecraft:deepslate_diamond_ore":2,"biomesoplenty:desert_grass":1,"minecraft:granite":2,"minecraft:grass_block":256,"minecraft:spruce_fence":2,"biomesoplenty:stripped_mahogany_log":5,"minecraft:jungle_log":3,"minecraft:furnace":1,"biomesoplenty:magic_log":53,"minecraft:vine":1,"biomesoplenty:high_grass":1,"biomesoplenty:mahogany_leaves":4,"minecraft:stone":183,"minecraft:lily_of_the_valley":1,"minecraft:crafting_table":2,"minecraft:torch":12,"minecraft:blast_furnace":1,"biomesoplenty:mahogany_planks":99,"minecraft:mushroom_stem":11,"biomesoplenty:high_grass_plant":1,"minecraft:copper_ore":2,"minecraft:tall_grass":1,"minecraft:cobblestone":4,"biomesoplenty:sprout":36,"minecraft:deepslate_gold_ore":9,"biomesoplenty:mahogany_slab":3,"mores:tin_ore":9,"minecraft:wall_torch":23,"biomesoplenty:magic_leaves":43,"biomesoplenty:blue_hydrangea":13,"biomesoplenty:mahogany_log":273,"minecraft:black_bed":3,"minecraft:grass":50,"biomesoplenty:clover":7,"biomesoplenty:mahogany_stairs":1,"minecraft:coal_ore":18,"minecraft:gravel":2,"minecraft:dirt":91,"minecraft:red_mushroom_block":10,"mores:deepslate_topaz_ore":1,"minecraft:birch_fence":1,"minecraft:deepslate":38,"minecraft:fern":29},"minecraft:dropped":{"minecraft:wheat_seeds":2,"vampirism:vampire_book":1,"biomesoplenty:magic_sapling":23,"minecraft:apple":9,"minecraft:furnace":1,"minecraft:blast_furnace":1,"biomesoplenty:blue_hydrangea":1}},"DataVersion":3465}