{"stats":{"minecraft:killed":{"minecraft:enderman":1},"minecraft:used":{"mores:amethyst_sword":17,"minecraft:apple":3,"minecraft:bread":1,"mores:amethyst_pickaxe":19},"minecraft:custom":{"minecraft:time_since_rest":18079,"vampirism:amount_bitten":3,"minecraft:sprint_one_cm":11252,"minecraft:damage_taken":569,"minecraft:walk_one_cm":62059,"minecraft:mob_kills":1,"vampirism:skills_unlocked":1,"minecraft:damage_dealt":750,"minecraft:fly_one_cm":23700,"vampirism:interact_with_research_table":2,"minecraft:open_chest":9,"minecraft:crouch_one_cm":354,"minecraft:play_time":22602,"minecraft:deaths":1,"minecraft:sneak_time":113,"minecraft:jump":253,"minecraft:leave_game":1,"minecraft:time_since_death":20474,"minecraft:sleep_in_bed":1,"minecraft:climb_one_cm":2071,"minecraft:total_world_time":22602,"vampirism:interact_with_injection_chair":14,"minecraft:fall_one_cm":2076,"minecraft:horse_one_cm":4267},"minecraft:killed_by":{"minecraft:player":1},"minecraft:mined":{"biomesoplenty:desert_grass":1,"minecraft:grass":26,"minecraft:coal_ore":18,"minecraft:stone":1},"minecraft:picked_up":{"mores:amethyst_sword":1,"minecraft:torch":1,"minecraft:lead":1,"mores:amethyst_shield":1,"minecraft:sand":1,"sophisticatedbackpacks:iron_backpack":1,"vampirism:vampire_fang":2,"minecraft:spruce_log":128,"mores:amethyst_leggings":1,"minecraft:iron_horse_armor":1,"mores:amethyst_helmet":1,"minecraft:cactus":1,"mores:amethyst_axe":1,"minecraft:apple":64,"minecraft:wheat_seeds":2,"artifacts:crystal_heart":1,"artifacts:aqua_dashers":1,"mores:amethyst_boots":1,"minecraft:saddle":1,"mores:amethyst_chestplate":1,"mores:amethyst_pickaxe":1,"minecraft:coal":16,"minecraft:cobblestone":1}},"DataVersion":3465}