{"stats":{"minecraft:killed":{"minecraft:creeper":2,"minecraft:zombie":1,"minecraft:enderman":1},"minecraft:used":{"biomesoplenty:mahogany_planks":14,"biomesoplenty:magic_log":1,"biomesoplenty:mahogany_slab":16,"biomesoplenty:mahogany_log":1,"minecraft:torch":12,"biomesoplenty:mahogany_fence":14,"minecraft:crafting_table":1,"minecraft:jungle_planks":1,"minecraft:black_bed":3,"mores:amethyst_axe":348,"mores:amethyst_sword":53,"minecraft:apple":23,"biomesoplenty:pink_daffodil":1,"minecraft:bread":1,"mores:amethyst_pickaxe":24,"epicpaladins:bloodstone_shovel":27},"minecraft:killed_by":{"minecraft:player":1},"minecraft:picked_up":{"vampirism:injection_garlic":1,"vampirism:vampire_blood_bottle":19,"minecraft:jungle_log":2,"mores:amethyst_sword":1,"minecraft:black_bed":3,"minecraft:lead":1,"minecraft:red_mushroom":2,"mores:amethyst_shield":1,"mores:amethyst_leggings":1,"minecraft:string":2,"minecraft:dirt":40,"biomesoplenty:stripped_mahogany_log":5,"epicpaladins:bloodstone_gem":13,"mores:amethyst_helmet":1,"minecraft:birch_fence":1,"minecraft:apple":64,"minecraft:wheat_seeds":10,"artifacts:aqua_dashers":1,"biomesoplenty:magic_log":8,"mores:amethyst_boots":1,"biomesoplenty:mahogany_planks":1,"minecraft:stick":1,"minecraft:torch":25,"minecraft:spruce_fence":2,"minecraft:sand":1,"sophisticatedbackpacks:iron_backpack":1,"tombstone:grave_dust":1,"vampirism:vampire_fang":2,"minecraft:spruce_log":128,"minecraft:lily_of_the_valley":1,"minecraft:iron_horse_armor":1,"biomesoplenty:mahogany_log":268,"minecraft:cactus":1,"minecraft:rotten_flesh":2,"mores:amethyst_axe":1,"artifacts:crystal_heart":1,"biomesoplenty:mahogany_sapling":1,"minecraft:saddle":1,"mores:amethyst_chestplate":1,"mores:amethyst_pickaxe":1,"biomesoplenty:pink_daffodil":1,"minecraft:coal":16,"minecraft:cobblestone":2},"minecraft:custom":{"minecraft:mob_kills":4,"minecraft:interact_with_crafting_table":7,"vampirism:interact_with_research_table":2,"minecraft:leave_game":1,"minecraft:time_since_death":61865,"minecraft:sleep_in_bed":5,"minecraft:climb_one_cm":2779,"minecraft:time_since_rest":11805,"minecraft:sprint_one_cm":121324,"vampirism:amount_bitten":5,"minecraft:walk_one_cm":149932,"minecraft:damage_taken":100763,"minecraft:drop":1,"minecraft:damage_dealt":1079,"vampirism:skills_unlocked":2,"minecraft:fly_one_cm":89662,"minecraft:open_chest":12,"minecraft:crouch_one_cm":799,"minecraft:play_time":63993,"tombstone:undead_killed":1,"minecraft:deaths":1,"minecraft:sneak_time":414,"minecraft:jump":566,"minecraft:interact_with_blast_furnace":1,"minecraft:walk_on_water_one_cm":3153,"minecraft:total_world_time":63993,"vampirism:interact_with_injection_chair":16,"minecraft:fall_one_cm":2076,"minecraft:horse_one_cm":6552},"minecraft:mined":{"minecraft:lily_of_the_valley":1,"biomesoplenty:desert_grass":1,"minecraft:torch":1,"minecraft:grass_block":35,"minecraft:spruce_fence":2,"biomesoplenty:stripped_mahogany_log":5,"biomesoplenty:mahogany_planks":1,"minecraft:jungle_log":3,"minecraft:mushroom_stem":11,"biomesoplenty:high_grass_plant":1,"minecraft:tall_grass":1,"biomesoplenty:sprout":22,"minecraft:wall_torch":7,"biomesoplenty:mahogany_log":271,"minecraft:black_bed":2,"biomesoplenty:magic_log":8,"minecraft:grass":37,"biomesoplenty:high_grass":1,"minecraft:vine":1,"minecraft:coal_ore":18,"biomesoplenty:mahogany_leaves":4,"minecraft:dirt":10,"minecraft:red_mushroom_block":10,"minecraft:stone":2,"minecraft:birch_fence":1,"minecraft:fern":29},"minecraft:crafted":{"epicpaladins:bloodstone_shovel":1,"biomesoplenty:mahogany_fence":21,"minecraft:crafting_table":1,"biomesoplenty:mahogany_planks":272,"biomesoplenty:mahogany_slab":60,"minecraft:jungle_planks":8,"minecraft:stick":36,"biomesoplenty:magic_planks":4},"minecraft:dropped":{"minecraft:wheat_seeds":1}},"DataVersion":3465}