{"stats":{"minecraft:dropped":{"minecraft:dirt":1},"minecraft:custom":{"minecraft:open_chest":1,"minecraft:time_since_rest":5836,"minecraft:play_time":5836,"minecraft:sprint_one_cm":8390,"minecraft:damage_taken":100,"minecraft:walk_one_cm":27770,"minecraft:drop":1,"minecraft:jump":61,"minecraft:damage_dealt":23,"minecraft:time_since_death":5836,"minecraft:total_world_time":5836,"minecraft:climb_one_cm":78,"minecraft:fly_one_cm":7924,"minecraft:fall_one_cm":1804},"minecraft:mined":{"minecraft:grass":12,"dynamictrees:acacia_leaves":5,"minecraft:coarse_dirt":26,"minecraft:dirt":1,"biomesoplenty:toadstool":2,"minecraft:fern":7},"minecraft:used":{"minecraft:pumpkin_pie":1,"minecraft:coarse_dirt":25},"minecraft:picked_up":{"biomesoplenty:toadstool":3,"minecraft:coarse_dirt":26,"minecraft:wheat_seeds":2,"minecraft:dirt":1}},"DataVersion":3465}