{"stats":{"minecraft:killed":{"vampirism:vampire":5,"vampirism:advanced_vampire":1,"vampirism:blinding_bat":1,"minecraft:chicken":1,"minecraft:drowned":1,"minecraft:husk":2,"minecraft:creeper":2,"minecraft:zombie":2,"minecraft:enderman":1},"minecraft:used":{"epicpaladins:bloodstone_pickaxe":1334,"biomesoplenty:mahogany_planks":649,"biomesoplenty:mahogany_slab":22,"minecraft:ladder":10,"vampirism:altar_infusion":1,"minecraft:torch":50,"minecraft:dirt":74,"epicpaladins:bloodstone_axe":30,"minecraft:jungle_planks":1,"mores:alloy_furnace":1,"minecraft:iron_hoe":109,"biomesoplenty:mahogany_stairs":27,"mores:amethyst_sword":153,"minecraft:lava_bucket":5,"mores:amethyst_pickaxe":284,"epicpaladins:bloodstone_shovel":466,"minecraft:furnace":12,"biomesoplenty:blue_hydrangea":1,"minecraft:cooked_beef":7,"minecraft:potato":18,"minecraft:cobbled_deepslate":58,"minecraft:water_bucket":12,"vampirism:weapon_table":1,"vampirism:hunter_axe_normal":5,"biomesoplenty:magic_log":1,"biomesoplenty:mahogany_log":33,"biomesoplenty:mahogany_fence":14,"minecraft:crafting_table":3,"biomesoplenty:mahogany_door":2,"biomesoplenty:magic_planks":4,"minecraft:black_bed":4,"mores:amethyst_axe":539,"minecraft:apple":31,"biomesoplenty:pink_daffodil":1,"minecraft:bread":7,"biomesoplenty:mahogany_boat":3,"minecraft:cobblestone":74,"minecraft:cooked_porkchop":1,"epicpaladins:bloodstone_sword":57,"minecraft:bucket":19},"minecraft:killed_by":{"minecraft:player":1},"minecraft:picked_up":{"minecraft:wheat":1,"minecraft:crafting_table":1,"vampirism:injection_garlic":1,"minecraft:allium":3,"minecraft:azure_bluet":1,"minecraft:chicken":1,"mores:amethyst_sword":1,"minecraft:lead":1,"mores:amethyst_shield":1,"minecraft:string":5,"minecraft:raw_copper":18,"biomesoplenty:stripped_mahogany_log":5,"mores:tourmaline_gem":1,"epicpaladins:bloodstone_gem":13,"minecraft:birch_fence":1,"minecraft:beetroot":1,"minecraft:cobbled_deepslate":39,"artifacts:aqua_dashers":1,"minecraft:egg":1,"minecraft:furnace":10,"minecraft:stick":2,"minecraft:composter":1,"minecraft:torch":50,"minecraft:spruce_fence":2,"mores:topaz_gem":1,"tombstone:grave_dust":1,"vampirism:vampire_fang":5,"minecraft:carrot":8,"minecraft:iron_horse_armor":1,"mores:raw_tin":36,"vampirism:blood_bottle":3,"minecraft:cactus":1,"biomesoplenty:blue_hydrangea":15,"minecraft:rotten_flesh":2,"mores:amethyst_axe":1,"minecraft:beetroot_seeds":2,"biomesoplenty:mahogany_sapling":1,"minecraft:hay_block":25,"biomesoplenty:mahogany_stairs":1,"minecraft:saddle":1,"mores:amethyst_pickaxe":1,"minecraft:cobblestone":1246,"minecraft:feather":1,"vampirism:vampire_book":1,"vampirism:vampire_blood_bottle":20,"minecraft:glow_ink_sac":2,"minecraft:jungle_log":2,"minecraft:black_bed":4,"minecraft:red_mushroom":2,"minecraft:flint":5,"create:raw_zinc":3,"biomesoplenty:mahogany_boat":3,"mores:amethyst_leggings":1,"minecraft:dirt":398,"biomesoplenty:mahogany_slab":4,"mores:amethyst_helmet":1,"minecraft:apple":68,"minecraft:wheat_seeds":23,"minecraft:raw_gold":9,"minecraft:grindstone":1,"biomesoplenty:magic_log":65,"mores:amethyst_boots":1,"biomesoplenty:mahogany_planks":101,"biomesoplenty:magic_sapling":24,"minecraft:gravel":40,"minecraft:sand":1,"sophisticatedbackpacks:iron_backpack":1,"minecraft:blast_furnace":1,"vampirism:altar_infusion":1,"minecraft:spruce_log":128,"minecraft:lily_of_the_valley":3,"biomesoplenty:glowflower":2,"biomesoplenty:mahogany_log":270,"minecraft:diamond":2,"artifacts:crystal_heart":1,"minecraft:granite":2,"minecraft:bone_meal":1,"mores:cobalt_shield":1,"mores:amethyst_chestplate":1,"biomesoplenty:pink_daffodil":3,"mores:raw_silver":1,"minecraft:coal":37},"minecraft:custom":{"minecraft:interact_with_smithing_table":2,"minecraft:interact_with_anvil":1,"minecraft:mob_kills":17,"minecraft:interact_with_crafting_table":32,"minecraft:open_barrel":1,"minecraft:damage_dealt_resisted":803,"minecraft:leave_game":3,"minecraft:time_since_death":265307,"minecraft:climb_one_cm":10353,"vampirism:amount_bitten":5,"minecraft:sprint_one_cm":398737,"minecraft:walk_one_cm":759140,"minecraft:drop":24,"vampirism:skills_unlocked":5,"minecraft:sneak_time":4046,"minecraft:play_time":267435,"minecraft:deaths":1,"minecraft:walk_under_water_one_cm":7880,"minecraft:jump":2294,"minecraft:interact_with_blast_furnace":11,"vampirism:action_time_disguise_hunter":63,"minecraft:walk_on_water_one_cm":25647,"minecraft:total_world_time":267435,"vampirism:interact_with_injection_chair":16,"minecraft:interact_with_furnace":37,"vampirism:interact_with_research_table":12,"minecraft:interact_with_grindstone":1,"minecraft:sleep_in_bed":10,"vampirism:actions_used":1,"minecraft:time_since_rest":15062,"minecraft:damage_taken":101854,"vampirism:weapon_table":2,"minecraft:damage_dealt":8965,"vampirism:action_used_disguise_hunter":1,"minecraft:swim_one_cm":19363,"minecraft:fly_one_cm":323866,"minecraft:open_chest":154,"minecraft:crouch_one_cm":15141,"tombstone:undead_killed":5,"minecraft:interact_with_smoker":6,"minecraft:fall_one_cm":35428,"minecraft:horse_one_cm":8357},"minecraft:mined":{"create:zinc_ore":2,"create:deepslate_zinc_ore":1,"minecraft:farmland":7,"minecraft:deepslate_diamond_ore":2,"biomesoplenty:desert_grass":10,"minecraft:granite":2,"minecraft:grass_block":281,"minecraft:spruce_fence":2,"biomesoplenty:stripped_mahogany_log":5,"minecraft:jungle_log":3,"minecraft:redstone_wire":1,"vampirism:weapon_table":1,"biomesoplenty:orange_sandstone":2,"minecraft:composter":1,"biomesoplenty:dune_grass":4,"minecraft:hay_block":25,"mores:deepslate_tourmaline_ore":1,"minecraft:furnace":1,"minecraft:carrots":3,"minecraft:cobbled_deepslate":5,"biomesoplenty:magic_log":53,"vampirism:altar_infusion":1,"minecraft:vine":1,"biomesoplenty:high_grass":1,"biomesoplenty:mahogany_leaves":4,"minecraft:stone":1462,"minecraft:lily_of_the_valley":1,"biomesoplenty:orange_sand":27,"minecraft:crafting_table":2,"minecraft:torch":12,"minecraft:blast_furnace":1,"biomesoplenty:mahogany_planks":100,"minecraft:mushroom_stem":17,"biomesoplenty:high_grass_plant":1,"minecraft:copper_ore":6,"minecraft:tall_grass":1,"minecraft:cobblestone":11,"biomesoplenty:sprout":48,"minecraft:deepslate_gold_ore":9,"minecraft:grindstone":1,"biomesoplenty:mahogany_slab":3,"mores:tin_ore":12,"minecraft:wall_torch":23,"biomesoplenty:magic_leaves":43,"biomesoplenty:blue_hydrangea":13,"biomesoplenty:mahogany_log":273,"minecraft:wheat":1,"minecraft:black_bed":3,"minecraft:grass":57,"biomesoplenty:clover":10,"biomesoplenty:mahogany_stairs":1,"minecraft:coal_ore":48,"minecraft:beetroots":1,"minecraft:gravel":44,"minecraft:dirt":136,"mores:silver_ore":1,"minecraft:red_mushroom_block":10,"mores:deepslate_topaz_ore":1,"minecraft:birch_fence":1,"minecraft:deepslate":38,"minecraft:fern":34},"minecraft:crafted":{"mores:tourmaline_helmet":1,"epicpaladins:bloodstone_shovel":1,"biomesoplenty:mahogany_fence":21,"biomesoplenty:mahogany_planks":782,"minecraft:furnace":12,"minecraft:stone":184,"epicpaladins:bloodstone_axe":1,"biomesoplenty:mahogany_slab":60,"epicpaladins:bloodstone_sword":1,"minecraft:ladder":15,"mores:tin_ingot":36,"minecraft:iron_hoe":2,"mores:tourmaline_leggings":1,"biomesoplenty:magic_planks":4,"biomesoplenty:mahogany_stairs":44,"mores:alloy_furnace":1,"mores:tourmaline_chestplate":1,"minecraft:crafting_table":2,"mores:tourmaline_boots":1,"vampirism:basic_crossbow":1,"minecraft:bucket":2,"vampirism:weapon_table":1,"minecraft:air":0,"minecraft:bread":6,"minecraft:jungle_planks":8,"vampirism:hunter_axe_normal":1,"biomesoplenty:mahogany_door":3,"epicpaladins:bloodstone_pickaxe":2,"minecraft:stick":92,"minecraft:iron_ingot":18,"biomesoplenty:mahogany_boat":1,"minecraft:iron_block":3},"minecraft:dropped":{"minecraft:bread":3,"minecraft:wheat_seeds":2,"vampirism:vampire_book":1,"biomesoplenty:magic_sapling":23,"tombstone:tablet_of_guard":1,"minecraft:apple":9,"mores:cobalt_shield":1,"minecraft:furnace":1,"minecraft:blast_furnace":1,"mores:amethyst_pickaxe":1,"minecraft:ladder":1,"biomesoplenty:blue_hydrangea":1}},"DataVersion":3465}