{"stats":{"minecraft:killed":{"vampirism:vampire":2,"minecraft:creeper":2,"vampirism:blinding_bat":1,"minecraft:zombie":1,"minecraft:drowned":1,"minecraft:enderman":1},"minecraft:used":{"minecraft:water_bucket":1,"biomesoplenty:mahogany_planks":649,"vampirism:weapon_table":1,"biomesoplenty:magic_log":1,"biomesoplenty:mahogany_slab":22,"biomesoplenty:mahogany_log":33,"minecraft:torch":42,"minecraft:dirt":11,"biomesoplenty:mahogany_fence":14,"minecraft:crafting_table":2,"minecraft:jungle_planks":1,"biomesoplenty:mahogany_door":2,"biomesoplenty:magic_planks":4,"minecraft:black_bed":4,"mores:alloy_furnace":1,"biomesoplenty:mahogany_stairs":27,"mores:amethyst_axe":539,"mores:amethyst_sword":77,"minecraft:lava_bucket":4,"minecraft:apple":24,"biomesoplenty:pink_daffodil":1,"minecraft:bread":4,"mores:amethyst_pickaxe":229,"epicpaladins:bloodstone_shovel":322,"minecraft:cobblestone":67,"minecraft:furnace":12,"minecraft:bucket":6,"biomesoplenty:blue_hydrangea":1},"minecraft:killed_by":{"minecraft:player":1},"minecraft:picked_up":{"vampirism:injection_garlic":1,"minecraft:crafting_table":1,"minecraft:allium":3,"vampirism:vampire_blood_bottle":20,"minecraft:azure_bluet":1,"minecraft:jungle_log":2,"mores:amethyst_sword":1,"minecraft:black_bed":4,"minecraft:lead":1,"minecraft:red_mushroom":2,"mores:amethyst_shield":1,"create:raw_zinc":2,"mores:amethyst_leggings":1,"minecraft:string":5,"minecraft:dirt":363,"minecraft:raw_copper":11,"biomesoplenty:mahogany_slab":4,"biomesoplenty:stripped_mahogany_log":5,"minecraft:birch_fence":1,"epicpaladins:bloodstone_gem":13,"mores:amethyst_helmet":1,"minecraft:apple":64,"minecraft:wheat_seeds":16,"minecraft:cobbled_deepslate":1,"artifacts:aqua_dashers":1,"biomesoplenty:magic_log":65,"mores:amethyst_boots":1,"biomesoplenty:mahogany_planks":100,"minecraft:furnace":10,"biomesoplenty:magic_sapling":24,"minecraft:stick":2,"minecraft:torch":46,"minecraft:spruce_fence":2,"minecraft:sand":1,"minecraft:blast_furnace":1,"tombstone:grave_dust":1,"sophisticatedbackpacks:iron_backpack":1,"vampirism:vampire_fang":4,"minecraft:spruce_log":128,"minecraft:lily_of_the_valley":3,"biomesoplenty:blue_hydrangea":15,"minecraft:iron_horse_armor":1,"mores:raw_tin":36,"minecraft:rotten_flesh":2,"biomesoplenty:mahogany_log":270,"biomesoplenty:glowflower":2,"minecraft:cactus":1,"mores:amethyst_axe":1,"artifacts:crystal_heart":1,"biomesoplenty:mahogany_sapling":1,"minecraft:granite":2,"mores:cobalt_shield":1,"biomesoplenty:mahogany_stairs":1,"minecraft:saddle":1,"mores:amethyst_chestplate":1,"mores:amethyst_pickaxe":1,"biomesoplenty:pink_daffodil":3,"minecraft:coal":16,"minecraft:cobblestone":185},"minecraft:custom":{"minecraft:interact_with_furnace":12,"minecraft:mob_kills":8,"minecraft:interact_with_crafting_table":17,"vampirism:interact_with_research_table":4,"minecraft:leave_game":3,"minecraft:time_since_death":139307,"minecraft:sleep_in_bed":6,"minecraft:climb_one_cm":4664,"minecraft:time_since_rest":71314,"minecraft:sprint_one_cm":181675,"vampirism:amount_bitten":5,"minecraft:damage_taken":100946,"minecraft:walk_one_cm":426903,"minecraft:drop":7,"vampirism:skills_unlocked":5,"minecraft:damage_dealt":2285,"minecraft:swim_one_cm":59,"minecraft:fly_one_cm":115513,"minecraft:open_chest":59,"minecraft:crouch_one_cm":3957,"tombstone:undead_killed":2,"minecraft:play_time":141435,"minecraft:deaths":1,"minecraft:sneak_time":1685,"minecraft:walk_under_water_one_cm":267,"minecraft:jump":1169,"minecraft:interact_with_blast_furnace":8,"minecraft:walk_on_water_one_cm":11866,"minecraft:interact_with_smoker":1,"minecraft:total_world_time":141435,"vampirism:interact_with_injection_chair":16,"minecraft:fall_one_cm":2076,"minecraft:horse_one_cm":8357},"minecraft:crafted":{"epicpaladins:bloodstone_shovel":1,"biomesoplenty:mahogany_fence":21,"minecraft:crafting_table":1,"biomesoplenty:mahogany_planks":782,"minecraft:furnace":12,"minecraft:bucket":2,"biomesoplenty:mahogany_slab":60,"vampirism:weapon_table":1,"minecraft:jungle_planks":8,"mores:tin_ingot":11,"biomesoplenty:mahogany_door":3,"minecraft:stick":36,"minecraft:iron_ingot":18,"minecraft:iron_block":3,"biomesoplenty:magic_planks":4,"biomesoplenty:mahogany_stairs":44,"mores:alloy_furnace":1},"minecraft:mined":{"create:zinc_ore":2,"minecraft:lily_of_the_valley":1,"biomesoplenty:desert_grass":1,"minecraft:crafting_table":2,"minecraft:torch":10,"minecraft:granite":2,"minecraft:blast_furnace":1,"minecraft:grass_block":256,"minecraft:spruce_fence":2,"biomesoplenty:stripped_mahogany_log":5,"biomesoplenty:mahogany_planks":99,"minecraft:jungle_log":3,"minecraft:mushroom_stem":11,"biomesoplenty:high_grass_plant":1,"minecraft:tall_grass":1,"minecraft:copper_ore":2,"minecraft:cobblestone":3,"biomesoplenty:sprout":36,"biomesoplenty:mahogany_slab":3,"mores:tin_ore":9,"minecraft:wall_torch":19,"biomesoplenty:magic_leaves":43,"minecraft:furnace":1,"biomesoplenty:blue_hydrangea":13,"biomesoplenty:mahogany_log":273,"minecraft:black_bed":3,"biomesoplenty:magic_log":53,"biomesoplenty:mahogany_leaves":4,"minecraft:grass":50,"biomesoplenty:clover":7,"minecraft:coal_ore":18,"biomesoplenty:mahogany_stairs":1,"biomesoplenty:high_grass":1,"minecraft:vine":1,"minecraft:dirt":91,"minecraft:red_mushroom_block":10,"minecraft:stone":183,"minecraft:deepslate":1,"minecraft:birch_fence":1,"minecraft:fern":29},"minecraft:dropped":{"minecraft:furnace":1,"minecraft:wheat_seeds":2,"biomesoplenty:magic_sapling":23,"minecraft:blast_furnace":1,"biomesoplenty:blue_hydrangea":1}},"DataVersion":3465}