{"stats":{"minecraft:killed":{"minecraft:enderman":1},"minecraft:used":{"mores:amethyst_axe":15,"mores:amethyst_sword":17,"minecraft:apple":17,"minecraft:bread":1,"mores:amethyst_pickaxe":19},"minecraft:killed_by":{"minecraft:player":1},"minecraft:picked_up":{"vampirism:injection_garlic":1,"vampirism:vampire_blood_bottle":19,"mores:amethyst_sword":1,"minecraft:black_bed":1,"minecraft:torch":1,"minecraft:lead":1,"minecraft:spruce_fence":2,"mores:amethyst_shield":1,"minecraft:sand":1,"sophisticatedbackpacks:iron_backpack":1,"vampirism:vampire_fang":2,"minecraft:spruce_log":128,"mores:amethyst_leggings":1,"minecraft:iron_horse_armor":1,"biomesoplenty:mahogany_log":9,"minecraft:birch_fence":1,"mores:amethyst_helmet":1,"minecraft:cactus":1,"minecraft:apple":64,"mores:amethyst_axe":1,"minecraft:wheat_seeds":3,"artifacts:crystal_heart":1,"artifacts:aqua_dashers":1,"mores:amethyst_boots":1,"minecraft:saddle":1,"mores:amethyst_chestplate":1,"mores:amethyst_pickaxe":1,"minecraft:coal":16,"minecraft:cobblestone":1},"minecraft:custom":{"minecraft:time_since_rest":2902,"vampirism:amount_bitten":5,"minecraft:sprint_one_cm":72832,"minecraft:damage_taken":100749,"minecraft:walk_one_cm":90415,"minecraft:mob_kills":1,"vampirism:skills_unlocked":2,"minecraft:damage_dealt":750,"minecraft:fly_one_cm":56800,"vampirism:interact_with_research_table":2,"minecraft:open_chest":11,"minecraft:crouch_one_cm":354,"minecraft:play_time":39993,"minecraft:deaths":1,"minecraft:sneak_time":123,"minecraft:jump":394,"minecraft:sleep_in_bed":2,"minecraft:leave_game":1,"minecraft:time_since_death":37865,"minecraft:total_world_time":39993,"minecraft:climb_one_cm":2656,"vampirism:interact_with_injection_chair":16,"minecraft:fall_one_cm":2076,"minecraft:horse_one_cm":6552},"minecraft:mined":{"biomesoplenty:mahogany_log":9,"biomesoplenty:desert_grass":1,"minecraft:grass":26,"minecraft:spruce_fence":2,"minecraft:coal_ore":18,"minecraft:stone":1,"minecraft:birch_fence":1,"minecraft:fern":1}},"DataVersion":3465}