{"stats":{"minecraft:crafted":{"minecraft:wooden_sword":1,"minecraft:crafting_table":1,"minecraft:spruce_planks":48,"minecraft:stick":8,"minecraft:wooden_pickaxe":1,"minecraft:wooden_axe":1},"minecraft:used":{"minecraft:wooden_axe":43,"minecraft:bread":4,"minecraft:wooden_pickaxe":1,"minecraft:spruce_planks":7,"minecraft:leather_chestplate":1,"minecraft:blue_bed":1,"farmersdelight:onion":1,"minecraft:wooden_sword":5,"minecraft:crafting_table":2,"minecraft:red_bed":1,"minecraft:carrot":3,"minecraft:potato":28,"minecraft:snowball":2},"minecraft:custom":{"minecraft:time_since_rest":15793,"minecraft:sprint_one_cm":134064,"minecraft:damage_taken":226,"minecraft:walk_one_cm":50724,"minecraft:mob_kills":1,"minecraft:drop":2,"minecraft:damage_dealt":146,"minecraft:interact_with_crafting_table":3,"minecraft:fly_one_cm":173520,"minecraft:open_chest":7,"minecraft:crouch_one_cm":3159,"minecraft:play_time":35367,"minecraft:sneak_time":1285,"minecraft:walk_under_water_one_cm":1685,"minecraft:jump":685,"minecraft:leave_game":2,"minecraft:walk_on_water_one_cm":323,"minecraft:time_since_death":35367,"minecraft:sleep_in_bed":1,"minecraft:total_world_time":35367,"minecraft:fall_one_cm":14997},"minecraft:mined":{"minecraft:carrots":4,"minecraft:red_bed":2,"minecraft:wheat":4,"minecraft:ice":2,"minecraft:spruce_log":9,"minecraft:stripped_spruce_log":6,"treechop:chopped_log":4,"minecraft:crafting_table":1,"minecraft:grass":1,"minecraft:potatoes":8,"minecraft:chest":1,"minecraft:dirt":1,"minecraft:packed_ice":1,"minecraft:spruce_leaves":5,"minecraft:diorite":1,"minecraft:blue_bed":1,"regions_unexplored:pine_log":1},"minecraft:dropped":{"alexsmobs:maggot":1,"artifacts:villager_hat":1},"minecraft:killed":{"alexsmobs:fly":1},"minecraft:picked_up":{"minecraft:leather_chestplate":1,"minecraft:stick":6,"minecraft:crafting_table":1,"minecraft:wooden_pickaxe":1,"minecraft:potato":16,"minecraft:snow_block":1,"minecraft:stripped_spruce_log":8,"minecraft:spruce_sapling":5,"minecraft:carrot":4,"minecraft:spruce_log":12,"aether:leather_gloves":1,"minecraft:blue_bed":1,"minecraft:dirt":3,"minecraft:red_bed":1,"minecraft:wheat_seeds":4,"artifacts:villager_hat":2,"minecraft:beetroot_seeds":4,"regions_unexplored:pine_log":2,"farmersdelight:onion":2,"minecraft:spruce_planks":6,"minecraft:emerald":2,"minecraft:poppy":2,"alexsmobs:maggot":2,"minecraft:chest":1,"minecraft:coal":8,"farmersdelight:cabbage_seeds":2}},"DataVersion":3465}