{"stats":{"minecraft:custom":{"minecraft:mob_kills":34,"minecraft:interact_with_crafting_table":45,"minecraft:bell_ring":2,"minecraft:eat_cake_slice":5,"minecraft:time_since_death":154664,"minecraft:leave_game":3,"minecraft:climb_one_cm":4941,"minecraft:sprint_one_cm":442403,"minecraft:walk_one_cm":458306,"minecraft:damage_blocked_by_shield":385,"minecraft:drop":125,"minecraft:talked_to_villager":3,"minecraft:play_time":185570,"minecraft:deaths":1,"minecraft:sneak_time":6074,"minecraft:walk_under_water_one_cm":14505,"minecraft:jump":2244,"minecraft:interact_with_blast_furnace":10,"minecraft:walk_on_water_one_cm":19062,"minecraft:total_world_time":185570,"minecraft:interact_with_furnace":23,"tombstone:raider_killed":3,"minecraft:sleep_in_bed":7,"minecraft:time_since_rest":50129,"minecraft:damage_taken":1432,"minecraft:damage_dealt":5601,"minecraft:swim_one_cm":24082,"minecraft:fly_one_cm":379528,"minecraft:open_chest":18,"minecraft:crouch_one_cm":15547,"tombstone:undead_killed":16,"minecraft:fall_one_cm":45666},"minecraft:mined":{"create:zinc_ore":6,"minecraft:large_amethyst_bud":1,"minecraft:tuff":7,"minecraft:spruce_planks":39,"minecraft:deepslate_diamond_ore":1,"biomesoplenty:desert_grass":2,"minecraft:budding_amethyst":1,"biomesoplenty:bush":3,"minecraft:grass_block":1,"minecraft:spruce_leaves":4,"minecraft:large_fern":1,"mores:deepslate_tourmaline_ore":3,"minecraft:furnace":5,"minecraft:iron_ore":35,"mores:deepslate_cobalt_ore":2,"create:asurine":5,"biomesoplenty:mahogany_leaves":9,"minecraft:vine":1,"minecraft:small_amethyst_bud":2,"minecraft:stone":206,"minecraft:smithing_table":1,"mores:cobalt_ore":21,"biomesoplenty:orange_sand":1,"minecraft:medium_amethyst_bud":1,"minecraft:amethyst_cluster":3,"minecraft:crafting_table":8,"minecraft:blast_furnace":2,"minecraft:calcite":4,"minecraft:melon":32,"minecraft:chest":3,"mores:anthracite_ore":3,"minecraft:copper_ore":1,"minecraft:cobblestone":3,"minecraft:tall_grass":1,"mores:tin_ore":21,"minecraft:amethyst_block":1,"minecraft:deepslate_copper_ore":9,"minecraft:spruce_stairs":2,"epicpaladins:bloodstone_ore":8,"mores:deepslate_ruby_ore":1,"epicpaladins:deepslate_cryorium_ore":10,"biomesoplenty:mahogany_log":84,"minecraft:wheat":1,"minecraft:spruce_log":21,"minecraft:yellow_bed":5,"minecraft:grass":12,"minecraft:coal_ore":165,"minecraft:oak_log":6,"minecraft:acacia_fence":1,"minecraft:gravel":3,"mores:silver_ore":28,"minecraft:cobweb":1,"minecraft:smooth_basalt":11,"epicpaladins:arclight_ore":8,"minecraft:deepslate":8,"minecraft:oak_leaves":1,"minecraft:fern":15},"minecraft:killed_by":{"minecraft:player":1},"minecraft:dropped":{"minecraft:enchanted_book":2,"biomesoplenty:mahogany_log":2,"minecraft:iron_sword":2,"minecraft:wheat_seeds":5,"minecraft:crafting_table":1,"minecraft:cobblestone":84,"mores:steel_shovel":4,"minecraft:amethyst_block":2,"epicpaladins:cryorium_pickaxe":1,"minecraft:spruce_stairs":3,"minecraft:item_frame":6,"minecraft:flint":1,"biomesoplenty:orange_sand":1,"minecraft:grass":1,"minecraft:stone_button":4,"minecraft:wooden_axe":1,"minecraft:melon_slice":26,"tombstone:grave_dust":4,"minecraft:writable_book":1,"minecraft:gold_nugget":1,"minecraft:iron_pickaxe":1,"minecraft:smooth_stone":3,"minecraft:string":1,"minecraft:smooth_basalt":9,"minecraft:bone":3,"minecraft:armor_stand":2,"minecraft:gravel":2,"minecraft:player_head":3,"minecraft:cobbled_deepslate":2,"minecraft:stone_sword":2,"minecraft:tuff":6,"minecraft:wheat":1,"minecraft:tall_grass":1,"minecraft:rotten_flesh":6,"minecraft:iron_boots":4,"minecraft:pumpkin_seeds":3,"minecraft:leather_chestplate":3,"minecraft:stone":1,"minecraft:shield":1,"minecraft:gunpowder":1,"create:zinc_ingot":12,"minecraft:spruce_planks":41,"minecraft:peony":1,"minecraft:beetroot_seeds":1,"minecraft:melon_seeds":2,"mores:raw_silver":4,"minecraft:leather_boots":2,"minecraft:ladder":4,"minecraft:leather_leggings":2,"mores:silver_axe":1,"minecraft:arrow":4,"minecraft:bow":5,"minecraft:stone_pickaxe":1,"biomesoplenty:mahogany_sapling":5,"minecraft:wooden_pickaxe":1,"minecraft:calcite":4,"minecraft:black_wool":1},"minecraft:broken":{"minecraft:iron_pickaxe":1},"minecraft:killed":{"minecraft:spider":3,"minecraft:skeleton":6,"minecraft:creeper":3,"minecraft:zombie":10,"minecraft:cow":7},"minecraft:used":{"biomesoplenty:mahogany_planks":24,"mores:cobalt_shield":2,"minecraft:stone_sword":44,"epicpaladins:cryorium_pickaxe":37,"minecraft:ladder":5,"minecraft:spruce_planks":66,"minecraft:chest":3,"minecraft:shield":11,"minecraft:iron_sword":55,"mores:cobalt_dagger":1,"minecraft:rotten_flesh":2,"minecraft:torch":77,"minecraft:wooden_axe":21,"mores:cobalt_battleaxe":7,"minecraft:smooth_basalt":1,"minecraft:oak_sapling":1,"minecraft:furnace":5,"tombstone:gift":2,"mores:silver_axe":177,"epicpaladins:cryorium_sword":27,"minecraft:water_bucket":5,"minecraft:stone_pickaxe":97,"minecraft:wooden_pickaxe":4,"epicpaladins:cryorium_axe":39,"biomesoplenty:mahogany_log":17,"minecraft:crafting_table":12,"minecraft:blast_furnace":3,"create_sa:zinc_pickaxe":162,"tombstone:bag_of_seeds":1,"epicpaladins:arclight_pickaxe":36,"minecraft:melon_slice":24,"minecraft:bread":24,"minecraft:iron_pickaxe":250,"mores:cobalt_pickaxe":8,"minecraft:spruce_sapling":1,"minecraft:cobblestone":41,"minecraft:bucket":7,"minecraft:yellow_bed":4,"minecraft:experience_bottle":1},"minecraft:crafted":{"minecraft:oak_planks":24,"minecraft:smooth_stone":6,"mores:cobalt_dagger":1,"biomesoplenty:mahogany_planks":64,"minecraft:furnace":2,"minecraft:blast_furnace":1,"minecraft:stone":7,"epicpaladins:arclight_pickaxe":1,"mores:cobalt_shield":1,"create_sa:zinc_pickaxe":1,"minecraft:iron_boots":1,"sophisticatedbackpacks:copper_backpack":1,"minecraft:ladder":9,"mores:tin_ingot":52,"mores:cobalt_battleaxe":1,"minecraft:stone_pickaxe":1,"minecraft:chest":2,"epicpaladins:cryorium_pickaxe":1,"sophisticatedbackpacks:iron_backpack":1,"mores:silver_helmet":1,"mores:silver_ingot":23,"sophisticatedbackpacks:backpack":1,"minecraft:crafting_table":5,"minecraft:spruce_planks":84,"mores:cobalt_ingot":9,"mores:cobalt_pickaxe":1,"minecraft:wooden_pickaxe":1,"minecraft:iron_helmet":1,"minecraft:copper_ingot":8,"epicpaladins:cryorium_axe":1,"minecraft:bucket":2,"mores:silver_axe":1,"minecraft:air":0,"epicpaladins:cryorium_sword":1,"minecraft:iron_chestplate":1,"minecraft:shield":1,"minecraft:stick":60,"minecraft:iron_ingot":35,"minecraft:iron_pickaxe":1,"minecraft:wooden_axe":1,"minecraft:stone_sword":1,"minecraft:torch":80,"create:zinc_ingot":6,"tombstone:bone_needle":1},"minecraft:picked_up":{"minecraft:crafting_table":8,"minecraft:wheat":1,"minecraft:leather_leggings":2,"minecraft:smithing_table":1,"minecraft:enchanted_book":3,"minecraft:amethyst_block":2,"minecraft:string":6,"minecraft:raw_copper":37,"epicpaladins:bloodstone_gem":8,"mores:tourmaline_gem":3,"minecraft:iron_leggings":1,"minecraft:armor_stand":2,"minecraft:item_frame":6,"minecraft:experience_bottle":3,"minecraft:gold_nugget":1,"minecraft:cobbled_deepslate":2,"minecraft:spruce_planks":75,"minecraft:beef":11,"minecraft:player_head":3,"minecraft:calcite":4,"minecraft:iron_pickaxe":1,"minecraft:melon_slice":174,"minecraft:chest":2,"minecraft:iron_boots":3,"minecraft:furnace":4,"minecraft:stick":17,"minecraft:raw_iron":38,"epicpaladins:arclight_gem":8,"minecraft:torch":1,"minecraft:spruce_stairs":3,"minecraft:stone_button":4,"tombstone:grave_dust":5,"create:zinc_ingot":9,"mores:raw_tin":72,"epicpaladins:cryorium_gem":10,"minecraft:stone_sword":2,"minecraft:arrow":10,"minecraft:rotten_flesh":8,"minecraft:peony":1,"biomesoplenty:mahogany_sapling":5,"biomesoplenty:orange_sand":1,"minecraft:cobblestone":153,"minecraft:leather_chestplate":3,"minecraft:leather":5,"minecraft:flint":2,"minecraft:tuff":6,"create:raw_zinc":6,"minecraft:oak_log":6,"minecraft:yellow_bed":5,"minecraft:gunpowder":1,"epicpaladins:cryorium_pickaxe":1,"tombstone:gift":1,"minecraft:leather_boots":2,"minecraft:bone":5,"mores:steel_shovel":3,"minecraft:bow":5,"minecraft:wheat_seeds":5,"minecraft:iron_ingot":2,"mores:silver_ingot":15,"tombstone:bag_of_seeds":1,"minecraft:tall_grass":1,"minecraft:iron_sword":3,"minecraft:smooth_basalt":10,"minecraft:gravel":2,"mores:ruby_gem":1,"minecraft:amethyst_shard":12,"mores:raw_cobalt":23,"minecraft:spruce_sapling":1,"minecraft:blast_furnace":2,"minecraft:spruce_log":21,"biomesoplenty:mahogany_log":83,"minecraft:diamond":1,"minecraft:writable_book":1,"mores:anthracite":3,"minecraft:grass":1,"minecraft:bread":5,"minecraft:oak_sapling":1,"mores:raw_silver":27,"minecraft:black_wool":1,"minecraft:coal":398}},"DataVersion":3465}