{"stats":{"minecraft:picked_up":{"minecraft:wheat":1,"minecraft:anvil":1,"minecraft:smithing_table":1,"minecraft:enchanted_book":3,"minecraft:amethyst_block":2,"minecraft:string":6,"minecraft:raw_copper":37,"minecraft:iron_leggings":1,"mores:tourmaline_gem":5,"minecraft:armor_stand":2,"epicpaladins:bloodstone_gem":23,"minecraft:experience_bottle":3,"minecraft:gold_nugget":1,"minecraft:cobbled_deepslate":12,"minecraft:spruce_planks":75,"minecraft:calcite":4,"minecraft:iron_pickaxe":1,"minecraft:melon_slice":174,"minecraft:furnace":4,"minecraft:iron_boots":3,"minecraft:stick":17,"epicpaladins:arclight_gem":22,"minecraft:torch":3,"minecraft:spruce_stairs":3,"mores:topaz_gem":3,"tombstone:grave_dust":11,"create_sa:zinc_pickaxe":1,"mores:raw_tin":72,"minecraft:stone_sword":2,"epicpaladins:cryorium_gem":12,"minecraft:rotten_flesh":35,"biomesoplenty:mahogany_sapling":5,"minecraft:cobblestone":211,"minecraft:leather_chestplate":3,"minecraft:black_bed":1,"minecraft:smoker":1,"minecraft:flint":2,"minecraft:tuff":6,"create:raw_zinc":6,"minecraft:lapis_lazuli":63,"epicpaladins:cryorium_pickaxe":2,"minecraft:leather_boots":2,"minecraft:bone":17,"mores:steel_shovel":3,"minecraft:bow":6,"minecraft:wheat_seeds":5,"minecraft:raw_gold":5,"vampirism:item_garlic":1,"mores:silver_ingot":15,"minecraft:glowstone_dust":2,"biomesoplenty:mahogany_planks":24,"minecraft:sand":18,"mores:raw_cobalt":25,"minecraft:chiseled_sandstone":2,"minecraft:bundle":1,"minecraft:light_gray_terracotta":3,"minecraft:sugar":1,"vampirism:oil_bottle":1,"minecraft:diamond":1,"minecraft:writable_book":1,"minecraft:grass":1,"minecraft:bread":5,"minecraft:oak_sapling":1,"mores:raw_silver":27,"minecraft:crafting_table":10,"minecraft:sandstone_slab":2,"minecraft:leather_leggings":2,"minecraft:item_frame":6,"minecraft:beef":16,"minecraft:player_head":3,"minecraft:chest":2,"minecraft:egg":1,"minecraft:raw_iron":107,"minecraft:sandstone":4,"minecraft:copper_ingot":58,"minecraft:stone_button":4,"create:zinc_ingot":9,"minecraft:arrow":17,"minecraft:peony":1,"biomesoplenty:orange_sandstone":2,"minecraft:sandstone_stairs":1,"biomesoplenty:orange_sand":1,"minecraft:glow_ink_sac":3,"minecraft:leather":6,"minecraft:oak_log":6,"minecraft:yellow_bed":8,"minecraft:gunpowder":3,"minecraft:cobblestone_stairs":1,"tombstone:gift":1,"minecraft:iron_ingot":2,"tombstone:bag_of_seeds":1,"minecraft:tall_grass":1,"minecraft:glass_bottle":1,"minecraft:iron_sword":3,"minecraft:smooth_basalt":10,"minecraft:gravel":3,"mores:ruby_gem":1,"minecraft:amethyst_shard":12,"minecraft:spruce_sapling":1,"minecraft:blast_furnace":4,"minecraft:spruce_log":23,"minecraft:spider_eye":1,"biomesoplenty:mahogany_log":83,"mores:anthracite":3,"minecraft:terracotta":39,"tombstone:magic_scroll":2,"minecraft:black_wool":1,"minecraft:coal":632},"minecraft:broken":{"minecraft:iron_pickaxe":1},"minecraft:killed_by":{"minecraft:player":1},"minecraft:crafted":{"minecraft:smooth_stone":6,"minecraft:oak_planks":24,"vampirism:injection_garlic":1,"mores:cobalt_dagger":1,"minecraft:stone":7,"epicpaladins:arclight_pickaxe":1,"mores:cobalt_shield":1,"create_sa:zinc_pickaxe":1,"minecraft:glass":8,"minecraft:iron_boots":1,"sophisticatedbackpacks:copper_backpack":1,"mores:tin_ingot":52,"mores:cobalt_battleaxe":1,"minecraft:chest":4,"vampirism:stake":1,"mores:silver_helmet":1,"mores:silver_ingot":23,"sophisticatedbackpacks:backpack":1,"minecraft:crafting_table":5,"minecraft:spruce_planks":84,"mores:cobalt_pickaxe":1,"minecraft:wooden_pickaxe":1,"minecraft:iron_helmet":1,"minecraft:copper_ingot":37,"mores:cobalt_chestplate":1,"epicpaladins:cryorium_sword":1,"minecraft:iron_chestplate":1,"minecraft:shield":1,"minecraft:stick":124,"minecraft:iron_ingot":46,"minecraft:iron_pickaxe":1,"minecraft:stone_sword":1,"biomesoplenty:mahogany_planks":256,"minecraft:furnace":3,"minecraft:blast_furnace":1,"minecraft:glass_pane":16,"vampirism:injection_empty":1,"minecraft:ladder":9,"minecraft:stone_pickaxe":1,"epicpaladins:cryorium_pickaxe":1,"sophisticatedbackpacks:iron_backpack":1,"mores:cobalt_ingot":24,"epicpaladins:cryorium_axe":1,"minecraft:bucket":2,"mores:silver_axe":1,"minecraft:air":0,"minecraft:wooden_axe":1,"minecraft:torch":328,"create:zinc_ingot":6,"tombstone:bone_needle":1},"minecraft:used":{"minecraft:ladder":5,"minecraft:chest":5,"minecraft:shield":11,"minecraft:iron_sword":55,"minecraft:rotten_flesh":2,"mores:cobalt_battleaxe":7,"minecraft:lava_bucket":2,"minecraft:oak_sapling":1,"minecraft:furnace":6,"minecraft:stone_pickaxe":97,"minecraft:wooden_pickaxe":4,"epicpaladins:cryorium_axe":69,"minecraft:blast_furnace":4,"create_sa:zinc_pickaxe":162,"minecraft:melon_slice":104,"minecraft:bread":24,"minecraft:experience_bottle":1,"biomesoplenty:mahogany_planks":54,"mores:cobalt_shield":8,"minecraft:stone_sword":44,"epicpaladins:cryorium_pickaxe":397,"minecraft:spruce_planks":66,"mores:cobalt_dagger":1,"minecraft:torch":169,"minecraft:wooden_axe":21,"minecraft:smooth_basalt":1,"biomesoplenty:orange_sandstone":2,"tombstone:gift":2,"mores:silver_axe":177,"epicpaladins:cryorium_sword":123,"minecraft:water_bucket":7,"biomesoplenty:mahogany_log":17,"minecraft:terracotta":3,"minecraft:crafting_table":14,"tombstone:bag_of_seeds":1,"epicpaladins:arclight_pickaxe":36,"minecraft:iron_pickaxe":250,"mores:cobalt_pickaxe":8,"minecraft:spruce_sapling":1,"minecraft:cobblestone":59,"minecraft:bucket":11,"minecraft:yellow_bed":8},"minecraft:dropped":{"minecraft:iron_sword":2,"minecraft:crafting_table":1,"minecraft:sandstone_stairs":1,"minecraft:sandstone_slab":2,"epicpaladins:cryorium_pickaxe":2,"minecraft:cobblestone_stairs":1,"minecraft:item_frame":6,"minecraft:flint":1,"minecraft:grass":1,"minecraft:stone_button":4,"minecraft:gold_nugget":1,"minecraft:writable_book":1,"minecraft:iron_pickaxe":1,"minecraft:armor_stand":2,"minecraft:bone":9,"minecraft:gravel":3,"minecraft:cobbled_deepslate":12,"minecraft:wheat":1,"minecraft:rotten_flesh":24,"minecraft:leather_chestplate":3,"minecraft:gunpowder":1,"minecraft:beetroot_seeds":1,"minecraft:melon_seeds":2,"minecraft:leather_boots":2,"minecraft:ladder":4,"minecraft:leather_leggings":2,"mores:silver_axe":1,"minecraft:arrow":10,"biomesoplenty:mahogany_sapling":5,"minecraft:egg":1,"minecraft:enchanted_book":2,"biomesoplenty:mahogany_log":2,"minecraft:wheat_seeds":5,"minecraft:cobblestone":115,"mores:steel_shovel":4,"minecraft:amethyst_block":2,"minecraft:copper_ingot":58,"create_sa:zinc_pickaxe":1,"minecraft:spruce_stairs":3,"biomesoplenty:orange_sand":1,"tombstone:magic_scroll":1,"minecraft:torch":65,"minecraft:wooden_axe":1,"minecraft:melon_slice":26,"tombstone:grave_dust":4,"minecraft:smooth_stone":3,"minecraft:string":2,"minecraft:chiseled_sandstone":2,"minecraft:smooth_basalt":9,"minecraft:player_head":3,"minecraft:stone_sword":2,"minecraft:light_gray_terracotta":3,"minecraft:tuff":6,"minecraft:raw_iron":11,"minecraft:tall_grass":1,"minecraft:iron_boots":4,"minecraft:pumpkin_seeds":3,"minecraft:stone":1,"minecraft:shield":1,"minecraft:peony":1,"minecraft:spruce_planks":41,"create:zinc_ingot":12,"mores:raw_silver":4,"minecraft:sandstone":4,"minecraft:bow":5,"minecraft:stone_pickaxe":1,"minecraft:wooden_pickaxe":1,"minecraft:calcite":4,"minecraft:black_wool":1,"minecraft:terracotta":36},"minecraft:custom":{"minecraft:interact_with_crafting_table":54,"minecraft:open_barrel":10,"minecraft:bell_ring":2,"minecraft:eat_cake_slice":5,"minecraft:leave_game":5,"minecraft:time_since_death":348490,"minecraft:sprint_one_cm":640036,"minecraft:damage_blocked_by_shield":535,"vampirism:interact_with_totem":2,"minecraft:drop":162,"vampirism:interact_with_alchemy_table":1,"minecraft:talked_to_villager":3,"minecraft:play_time":379396,"minecraft:deaths":1,"minecraft:jump":3664,"minecraft:walk_on_water_one_cm":27403,"minecraft:interact_with_furnace":29,"vampirism:interact_with_research_table":4,"minecraft:sleep_in_bed":11,"minecraft:damage_dealt":11935,"minecraft:crouch_one_cm":23472,"tombstone:undead_killed":39,"minecraft:mob_kills":63,"minecraft:damage_dealt_resisted":70,"minecraft:climb_one_cm":10949,"vampirism:interact_alchemical_cauldron":1,"minecraft:walk_one_cm":736655,"vampirism:capture_village":1,"vampirism:skills_unlocked":2,"minecraft:sneak_time":8643,"minecraft:walk_under_water_one_cm":16640,"minecraft:interact_with_blast_furnace":23,"minecraft:total_world_time":379396,"vampirism:win_village_capture":1,"vampirism:interact_with_injection_chair":2,"tombstone:raider_killed":4,"minecraft:time_since_rest":128903,"minecraft:damage_taken":2428,"minecraft:swim_one_cm":31981,"minecraft:fly_one_cm":619896,"minecraft:open_chest":59,"minecraft:fall_one_cm":76512},"minecraft:mined":{"minecraft:large_amethyst_bud":1,"minecraft:spruce_planks":39,"minecraft:cobblestone_stairs":1,"minecraft:granite":4,"minecraft:budding_amethyst":1,"minecraft:grass_block":1,"biomesoplenty:orange_sandstone":2,"minecraft:sandstone_stairs":1,"mores:deepslate_tourmaline_ore":3,"minecraft:iron_ore":93,"minecraft:deepslate_lapis_ore":7,"minecraft:anvil":1,"create:asurine":5,"minecraft:small_amethyst_bud":2,"minecraft:sandstone_slab":2,"minecraft:smoker":1,"minecraft:medium_amethyst_bud":1,"minecraft:amethyst_cluster":3,"minecraft:torch":2,"minecraft:light_gray_terracotta":3,"minecraft:blast_furnace":4,"minecraft:calcite":4,"minecraft:melon":32,"minecraft:chest":3,"mores:tourmaline_ore":2,"mores:anthracite_ore":3,"minecraft:cobblestone":11,"minecraft:amethyst_block":1,"minecraft:deepslate_copper_ore":9,"minecraft:wheat":1,"epicpaladins:deepslate_cryorium_ore":12,"minecraft:black_bed":1,"minecraft:grass":12,"minecraft:oak_log":6,"minecraft:acacia_fence":1,"minecraft:sand":19,"mores:silver_ore":28,"minecraft:smooth_basalt":11,"mores:deepslate_topaz_ore":3,"minecraft:oak_leaves":1,"epicpaladins:arclight_ore":22,"minecraft:deepslate":16,"create:zinc_ore":6,"minecraft:tuff":7,"minecraft:deepslate_diamond_ore":1,"biomesoplenty:desert_grass":3,"biomesoplenty:bush":3,"minecraft:spruce_leaves":4,"minecraft:sandstone":5,"minecraft:large_fern":1,"minecraft:furnace":5,"minecraft:chiseled_sandstone":2,"mores:deepslate_cobalt_ore":2,"biomesoplenty:mahogany_leaves":9,"minecraft:vine":2,"minecraft:stone":276,"minecraft:smithing_table":1,"mores:cobalt_ore":23,"epicpaladins:deepslate_bloodstone_ore":15,"biomesoplenty:orange_sand":1,"minecraft:crafting_table":10,"biomesoplenty:mahogany_planks":24,"minecraft:tall_grass":1,"minecraft:copper_ore":1,"minecraft:deepslate_gold_ore":2,"biomesoplenty:sprout":1,"minecraft:lapis_ore":3,"mores:tin_ore":21,"minecraft:spruce_stairs":2,"epicpaladins:bloodstone_ore":8,"mores:deepslate_ruby_ore":1,"biomesoplenty:mahogany_log":84,"minecraft:spruce_log":23,"minecraft:yellow_bed":8,"minecraft:coal_ore":259,"minecraft:gravel":4,"minecraft:cobweb":1,"minecraft:terracotta":39,"minecraft:gold_ore":3,"minecraft:fern":15},"minecraft:killed":{"minecraft:witch":1,"minecraft:spider":4,"minecraft:skeleton":15,"minecraft:creeper":4,"minecraft:zombie":23,"minecraft:cow":9,"minecraft:husk":1}},"DataVersion":3465}