{"stats":{"minecraft:custom":{"minecraft:mob_kills":19,"minecraft:interact_with_crafting_table":25,"minecraft:bell_ring":2,"minecraft:eat_cake_slice":5,"minecraft:time_since_death":106664,"minecraft:leave_game":3,"minecraft:climb_one_cm":3425,"minecraft:sprint_one_cm":403080,"minecraft:walk_one_cm":368742,"minecraft:damage_blocked_by_shield":270,"minecraft:drop":80,"minecraft:talked_to_villager":3,"minecraft:play_time":137570,"minecraft:deaths":1,"minecraft:sneak_time":2813,"minecraft:walk_under_water_one_cm":1204,"minecraft:jump":1751,"minecraft:interact_with_blast_furnace":6,"minecraft:walk_on_water_one_cm":5408,"minecraft:total_world_time":137570,"minecraft:interact_with_furnace":19,"tombstone:raider_killed":3,"minecraft:sleep_in_bed":7,"minecraft:time_since_rest":2129,"minecraft:damage_taken":920,"minecraft:damage_dealt":2756,"minecraft:swim_one_cm":22824,"minecraft:fly_one_cm":342951,"minecraft:open_chest":18,"minecraft:crouch_one_cm":6783,"tombstone:undead_killed":9,"minecraft:fall_one_cm":36421},"minecraft:mined":{"create:zinc_ore":6,"minecraft:large_amethyst_bud":1,"minecraft:tuff":7,"biomesoplenty:desert_grass":2,"minecraft:budding_amethyst":1,"biomesoplenty:bush":3,"minecraft:grass_block":1,"minecraft:spruce_leaves":4,"minecraft:large_fern":1,"minecraft:furnace":4,"minecraft:iron_ore":25,"create:asurine":1,"biomesoplenty:mahogany_leaves":9,"minecraft:vine":1,"minecraft:small_amethyst_bud":2,"minecraft:stone":130,"minecraft:smithing_table":1,"mores:cobalt_ore":9,"biomesoplenty:orange_sand":1,"minecraft:medium_amethyst_bud":1,"minecraft:amethyst_cluster":3,"minecraft:crafting_table":6,"minecraft:blast_furnace":2,"minecraft:calcite":4,"minecraft:melon":32,"minecraft:chest":3,"minecraft:cobblestone":1,"minecraft:tall_grass":1,"mores:tin_ore":21,"minecraft:amethyst_block":1,"minecraft:spruce_stairs":2,"biomesoplenty:mahogany_log":84,"minecraft:wheat":1,"minecraft:spruce_log":21,"minecraft:yellow_bed":5,"minecraft:grass":12,"minecraft:coal_ore":141,"minecraft:oak_log":6,"minecraft:acacia_fence":1,"minecraft:gravel":3,"mores:silver_ore":24,"minecraft:cobweb":1,"minecraft:smooth_basalt":11,"minecraft:deepslate":4,"minecraft:oak_leaves":1,"minecraft:fern":15},"minecraft:killed_by":{"minecraft:player":1},"minecraft:dropped":{"minecraft:wheat_seeds":5,"minecraft:cobblestone":54,"minecraft:amethyst_block":2,"minecraft:spruce_stairs":3,"minecraft:item_frame":6,"minecraft:flint":1,"biomesoplenty:orange_sand":1,"minecraft:grass":1,"minecraft:stone_button":4,"minecraft:wooden_axe":1,"minecraft:melon_slice":26,"tombstone:grave_dust":2,"minecraft:writable_book":1,"minecraft:gold_nugget":1,"minecraft:iron_pickaxe":1,"minecraft:smooth_stone":3,"minecraft:string":1,"minecraft:smooth_basalt":9,"minecraft:bone":1,"minecraft:armor_stand":2,"minecraft:gravel":2,"minecraft:player_head":3,"minecraft:cobbled_deepslate":1,"minecraft:stone_sword":2,"minecraft:tuff":6,"minecraft:wheat":1,"minecraft:tall_grass":1,"minecraft:rotten_flesh":6,"minecraft:iron_boots":2,"minecraft:pumpkin_seeds":3,"minecraft:leather_chestplate":3,"minecraft:stone":1,"minecraft:peony":1,"minecraft:beetroot_seeds":1,"minecraft:melon_seeds":2,"minecraft:leather_boots":2,"minecraft:leather_leggings":2,"biomesoplenty:mahogany_sapling":5,"minecraft:wooden_pickaxe":1,"minecraft:calcite":4,"minecraft:black_wool":1},"minecraft:broken":{"minecraft:iron_pickaxe":1},"minecraft:killed":{"minecraft:skeleton":4,"minecraft:zombie":5,"minecraft:cow":7},"minecraft:used":{"minecraft:stone_sword":44,"minecraft:chest":3,"minecraft:shield":9,"minecraft:iron_sword":37,"mores:cobalt_dagger":1,"minecraft:rotten_flesh":2,"minecraft:torch":44,"minecraft:wooden_axe":21,"mores:cobalt_battleaxe":5,"minecraft:smooth_basalt":1,"minecraft:oak_sapling":1,"minecraft:furnace":4,"mores:silver_axe":175,"minecraft:stone_pickaxe":97,"minecraft:wooden_pickaxe":4,"biomesoplenty:mahogany_log":17,"minecraft:crafting_table":8,"minecraft:blast_furnace":2,"create_sa:zinc_pickaxe":60,"tombstone:bag_of_seeds":1,"minecraft:melon_slice":20,"minecraft:bread":16,"minecraft:iron_pickaxe":250,"minecraft:spruce_sapling":1,"minecraft:cobblestone":24,"minecraft:yellow_bed":4},"minecraft:crafted":{"minecraft:oak_planks":24,"minecraft:smooth_stone":6,"mores:cobalt_dagger":1,"minecraft:furnace":2,"minecraft:blast_furnace":1,"minecraft:stone":7,"mores:cobalt_shield":1,"create_sa:zinc_pickaxe":1,"minecraft:iron_boots":1,"mores:tin_ingot":52,"mores:cobalt_battleaxe":1,"minecraft:stone_pickaxe":1,"minecraft:chest":1,"mores:silver_helmet":1,"mores:silver_ingot":23,"minecraft:crafting_table":3,"minecraft:spruce_planks":84,"mores:cobalt_ingot":9,"mores:cobalt_pickaxe":1,"minecraft:wooden_pickaxe":1,"minecraft:iron_helmet":1,"mores:silver_axe":1,"minecraft:air":0,"minecraft:iron_chestplate":1,"minecraft:shield":1,"minecraft:stick":36,"minecraft:iron_ingot":25,"minecraft:iron_pickaxe":1,"minecraft:wooden_axe":1,"minecraft:stone_sword":1,"minecraft:torch":56,"create:zinc_ingot":6,"tombstone:bone_needle":1},"minecraft:picked_up":{"minecraft:crafting_table":6,"minecraft:wheat":1,"minecraft:leather_leggings":2,"minecraft:smithing_table":1,"minecraft:enchanted_book":1,"minecraft:amethyst_block":2,"minecraft:string":1,"minecraft:iron_leggings":1,"minecraft:armor_stand":2,"minecraft:item_frame":6,"minecraft:experience_bottle":3,"minecraft:gold_nugget":1,"minecraft:cobbled_deepslate":1,"minecraft:beef":11,"minecraft:player_head":3,"minecraft:calcite":4,"minecraft:iron_pickaxe":1,"minecraft:melon_slice":174,"minecraft:chest":2,"minecraft:iron_boots":3,"minecraft:furnace":4,"minecraft:stick":12,"minecraft:raw_iron":28,"minecraft:spruce_stairs":3,"minecraft:stone_button":4,"tombstone:grave_dust":3,"mores:raw_tin":72,"minecraft:stone_sword":2,"minecraft:arrow":4,"minecraft:rotten_flesh":8,"minecraft:peony":1,"biomesoplenty:mahogany_sapling":5,"biomesoplenty:orange_sand":1,"minecraft:cobblestone":107,"minecraft:leather_chestplate":3,"minecraft:leather":5,"minecraft:flint":2,"minecraft:tuff":6,"create:raw_zinc":6,"minecraft:oak_log":6,"minecraft:yellow_bed":5,"minecraft:leather_boots":2,"minecraft:bone":3,"minecraft:bow":1,"minecraft:wheat_seeds":5,"minecraft:iron_ingot":2,"mores:silver_ingot":15,"tombstone:bag_of_seeds":1,"minecraft:tall_grass":1,"minecraft:iron_sword":2,"minecraft:smooth_basalt":10,"minecraft:gravel":2,"minecraft:amethyst_shard":12,"mores:raw_cobalt":9,"minecraft:spruce_sapling":1,"minecraft:blast_furnace":2,"minecraft:spruce_log":21,"biomesoplenty:mahogany_log":83,"minecraft:writable_book":1,"minecraft:grass":1,"minecraft:bread":5,"minecraft:oak_sapling":1,"mores:raw_silver":23,"minecraft:black_wool":1,"minecraft:coal":319}},"DataVersion":3465}