{"stats":{"minecraft:picked_up":{"minecraft:wheat":1,"minecraft:anvil":1,"minecraft:smithing_table":1,"artifacts:bunny_hoppers":1,"minecraft:enchanted_book":4,"minecraft:amethyst_block":2,"minecraft:string":10,"minecraft:raw_copper":37,"create:limestone":2,"mores:tourmaline_gem":27,"minecraft:iron_leggings":1,"minecraft:armor_stand":2,"epicpaladins:bloodstone_gem":73,"minecraft:experience_bottle":3,"minecraft:gold_nugget":1,"minecraft:cobbled_deepslate":126,"minecraft:spruce_planks":75,"minecraft:calcite":4,"minecraft:iron_pickaxe":1,"minecraft:melon_slice":174,"minecraft:iron_boots":4,"minecraft:furnace":4,"minecraft:stick":17,"epicpaladins:arclight_gem":48,"minecraft:torch":80,"minecraft:spruce_stairs":3,"mores:topaz_gem":27,"tombstone:grave_dust":12,"create_sa:zinc_pickaxe":1,"mores:raw_tin":72,"minecraft:stone_sword":2,"epicpaladins:cryorium_gem":47,"minecraft:rotten_flesh":40,"biomesoplenty:mahogany_sapling":5,"minecraft:obsidian":10,"minecraft:cobblestone":282,"minecraft:leather_chestplate":3,"minecraft:black_bed":1,"minecraft:smoker":1,"minecraft:flint":2,"minecraft:tuff":23,"create:raw_zinc":6,"minecraft:lapis_lazuli":180,"minecraft:dirt":6,"epicpaladins:cryorium_pickaxe":3,"minecraft:leather_boots":2,"minecraft:bone":21,"mores:steel_shovel":3,"minecraft:bow":7,"minecraft:wheat_seeds":5,"minecraft:raw_gold":56,"vampirism:item_garlic":1,"mores:silver_ingot":15,"minecraft:glowstone_dust":2,"mores:turquoise_gem":9,"biomesoplenty:mahogany_planks":24,"minecraft:sand":18,"mores:raw_cobalt":46,"minecraft:chiseled_sandstone":2,"minecraft:bundle":1,"minecraft:light_gray_terracotta":3,"minecraft:sugar":1,"minecraft:diamond":16,"vampirism:oil_bottle":1,"minecraft:writable_book":1,"minecraft:granite":39,"minecraft:grass":1,"minecraft:bread":5,"minecraft:oak_sapling":1,"mores:raw_silver":27,"minecraft:crafting_table":10,"minecraft:sandstone_slab":2,"minecraft:leather_leggings":2,"minecraft:item_frame":6,"minecraft:blackstone":30,"minecraft:beef":16,"minecraft:player_head":3,"minecraft:chest":2,"minecraft:egg":1,"minecraft:raw_iron":163,"minecraft:sandstone":4,"minecraft:copper_ingot":58,"minecraft:stone_button":4,"minecraft:redstone":34,"create:zinc_ingot":9,"minecraft:arrow":23,"minecraft:peony":1,"biomesoplenty:orange_sandstone":2,"minecraft:sandstone_stairs":1,"biomesoplenty:orange_sand":1,"vampirism:vampire_blood_bottle":2,"minecraft:glow_ink_sac":4,"minecraft:leather":6,"minecraft:oak_log":6,"minecraft:yellow_bed":8,"minecraft:gunpowder":3,"minecraft:cobblestone_stairs":1,"tombstone:gift":2,"minecraft:iron_ingot":2,"tombstone:bag_of_seeds":2,"minecraft:tall_grass":1,"minecraft:glass_bottle":1,"minecraft:iron_sword":3,"minecraft:smooth_basalt":11,"minecraft:gravel":3,"mores:ruby_gem":1,"minecraft:amethyst_shard":12,"minecraft:spruce_sapling":1,"minecraft:blast_furnace":5,"minecraft:spruce_log":23,"minecraft:spider_eye":2,"biomesoplenty:mahogany_log":83,"mores:sapphire_gem":1,"mores:anthracite":17,"minecraft:terracotta":39,"tombstone:magic_scroll":3,"minecraft:black_wool":1,"minecraft:coal":640},"minecraft:broken":{"minecraft:iron_pickaxe":1},"minecraft:killed_by":{"minecraft:player":1},"minecraft:crafted":{"minecraft:smooth_stone":6,"minecraft:oak_planks":24,"vampirism:injection_garlic":1,"mores:cobalt_dagger":1,"mores:topaz_leggings":1,"minecraft:stone":7,"epicpaladins:arclight_pickaxe":1,"mores:cobalt_shield":1,"create_sa:zinc_pickaxe":1,"minecraft:glass":8,"minecraft:iron_boots":1,"sophisticatedbackpacks:copper_backpack":1,"mores:tin_ingot":52,"mores:cobalt_battleaxe":1,"minecraft:chest":4,"vampirism:stake":1,"mores:topaz_helmet":1,"mores:silver_helmet":1,"mores:silver_ingot":23,"sophisticatedbackpacks:backpack":1,"mores:tourmaline_chestplate":1,"mores:tourmaline_boots":1,"minecraft:crafting_table":7,"minecraft:spruce_planks":84,"mores:cobalt_pickaxe":1,"minecraft:iron_helmet":1,"minecraft:wooden_pickaxe":1,"minecraft:copper_ingot":37,"mores:cobalt_chestplate":1,"epicpaladins:cryorium_sword":1,"minecraft:iron_chestplate":1,"minecraft:shield":1,"minecraft:stick":164,"minecraft:iron_ingot":166,"minecraft:iron_pickaxe":1,"minecraft:stone_sword":1,"minecraft:gold_ingot":40,"mores:tourmaline_helmet":1,"biomesoplenty:mahogany_planks":256,"minecraft:furnace":3,"minecraft:blast_furnace":1,"minecraft:glass_pane":16,"vampirism:injection_empty":1,"minecraft:ladder":9,"minecraft:stone_pickaxe":1,"mores:tourmaline_leggings":1,"epicpaladins:cryorium_pickaxe":1,"sophisticatedbackpacks:iron_backpack":1,"mores:cobalt_ingot":24,"sophisticatedbackpacks:gold_backpack":1,"epicpaladins:cryorium_axe":1,"minecraft:bucket":2,"mores:silver_axe":1,"minecraft:air":0,"minecraft:wooden_axe":1,"minecraft:torch":488,"create:zinc_ingot":6,"tombstone:bone_needle":1},"minecraft:used":{"minecraft:ladder":5,"minecraft:chest":7,"minecraft:shield":11,"minecraft:iron_sword":55,"minecraft:rotten_flesh":2,"minecraft:tuff":4,"minecraft:obsidian":10,"mores:cobalt_battleaxe":7,"minecraft:lava_bucket":3,"minecraft:oak_sapling":1,"minecraft:furnace":6,"minecraft:stone_pickaxe":97,"minecraft:wooden_pickaxe":4,"epicpaladins:cryorium_axe":69,"minecraft:blast_furnace":5,"create_sa:zinc_pickaxe":162,"vampirism:stake":3,"minecraft:melon_slice":104,"minecraft:bread":37,"minecraft:experience_bottle":1,"biomesoplenty:mahogany_planks":55,"create:limestone":2,"mores:cobalt_shield":8,"minecraft:stone_sword":44,"epicpaladins:cryorium_pickaxe":1049,"minecraft:spruce_planks":66,"mores:cobalt_dagger":1,"minecraft:torch":366,"minecraft:wooden_axe":21,"minecraft:smooth_basalt":1,"biomesoplenty:orange_sandstone":6,"tombstone:gift":3,"minecraft:cobbled_deepslate":35,"mores:silver_axe":177,"sophisticatedbackpacks:gold_backpack":1,"epicpaladins:cryorium_sword":237,"minecraft:water_bucket":67,"biomesoplenty:mahogany_log":17,"minecraft:terracotta":3,"minecraft:crafting_table":16,"tombstone:bag_of_seeds":1,"epicpaladins:arclight_pickaxe":36,"minecraft:iron_pickaxe":250,"mores:cobalt_pickaxe":8,"minecraft:spruce_sapling":1,"minecraft:cobblestone":60,"minecraft:bucket":72,"minecraft:yellow_bed":8},"minecraft:dropped":{"minecraft:iron_sword":2,"minecraft:glow_ink_sac":1,"minecraft:crafting_table":1,"minecraft:sandstone_stairs":1,"minecraft:sandstone_slab":2,"epicpaladins:cryorium_pickaxe":3,"minecraft:item_frame":6,"minecraft:flint":1,"minecraft:cobblestone_stairs":1,"minecraft:dirt":6,"minecraft:grass":1,"minecraft:stone_button":4,"minecraft:writable_book":1,"minecraft:gold_nugget":1,"minecraft:iron_pickaxe":1,"minecraft:bone":12,"minecraft:armor_stand":2,"minecraft:gravel":3,"minecraft:blackstone":25,"minecraft:cobbled_deepslate":13,"minecraft:wheat":1,"minecraft:rotten_flesh":25,"minecraft:leather_chestplate":3,"minecraft:gunpowder":1,"minecraft:beetroot_seeds":1,"minecraft:melon_seeds":2,"minecraft:leather_boots":2,"minecraft:ladder":4,"minecraft:leather_leggings":2,"mores:silver_axe":1,"minecraft:arrow":12,"biomesoplenty:mahogany_sapling":5,"minecraft:egg":1,"minecraft:enchanted_book":2,"biomesoplenty:mahogany_log":2,"minecraft:wheat_seeds":5,"minecraft:iron_helmet":1,"minecraft:cobblestone":152,"mores:steel_shovel":4,"minecraft:amethyst_block":2,"minecraft:granite":39,"create_sa:zinc_pickaxe":1,"minecraft:copper_ingot":58,"minecraft:spruce_stairs":3,"biomesoplenty:orange_sand":1,"tombstone:magic_scroll":1,"minecraft:torch":65,"minecraft:wooden_axe":1,"minecraft:melon_slice":26,"tombstone:grave_dust":5,"minecraft:iron_leggings":1,"minecraft:smooth_stone":3,"minecraft:string":4,"minecraft:chiseled_sandstone":2,"minecraft:smooth_basalt":9,"minecraft:player_head":3,"minecraft:stone_sword":2,"minecraft:light_gray_terracotta":3,"minecraft:tuff":9,"minecraft:raw_iron":11,"minecraft:tall_grass":1,"minecraft:iron_boots":5,"minecraft:pumpkin_seeds":3,"minecraft:stone":1,"minecraft:shield":1,"minecraft:peony":1,"create:zinc_ingot":12,"minecraft:spruce_planks":41,"mores:raw_silver":4,"minecraft:spider_eye":1,"minecraft:sandstone":4,"minecraft:bow":6,"minecraft:stone_pickaxe":1,"minecraft:wooden_pickaxe":1,"minecraft:calcite":4,"minecraft:black_wool":1,"minecraft:terracotta":36},"minecraft:custom":{"minecraft:interact_with_crafting_table":61,"minecraft:open_barrel":12,"goblintraders:trade_with_goblin":60,"minecraft:bell_ring":2,"minecraft:eat_cake_slice":5,"minecraft:leave_game":8,"minecraft:time_since_death":517338,"minecraft:sprint_one_cm":741714,"minecraft:damage_blocked_by_shield":535,"minecraft:drop":185,"vampirism:interact_with_totem":2,"vampirism:interact_with_alchemy_table":1,"minecraft:talked_to_villager":3,"minecraft:play_time":548244,"minecraft:deaths":1,"minecraft:jump":4629,"minecraft:walk_on_water_one_cm":47558,"minecraft:interact_with_furnace":31,"vampirism:interact_with_research_table":4,"minecraft:sleep_in_bed":11,"minecraft:damage_dealt":20122,"minecraft:crouch_one_cm":50035,"tombstone:undead_killed":63,"minecraft:mob_kills":100,"vampirism:killed_with_stake":2,"minecraft:damage_dealt_resisted":70,"minecraft:climb_one_cm":10949,"vampirism:interact_alchemical_cauldron":1,"minecraft:walk_one_cm":1000955,"vampirism:capture_village":1,"vampirism:skills_unlocked":2,"minecraft:damage_dealt_absorbed":40,"minecraft:sneak_time":17488,"minecraft:walk_under_water_one_cm":18784,"minecraft:interact_with_blast_furnace":31,"minecraft:total_world_time":548244,"vampirism:win_village_capture":1,"vampirism:interact_with_injection_chair":2,"tombstone:raider_killed":4,"minecraft:time_since_rest":297751,"minecraft:damage_taken":2750,"minecraft:swim_one_cm":32812,"minecraft:fly_one_cm":757678,"minecraft:open_chest":65,"minecraft:fall_one_cm":97489},"minecraft:mined":{"minecraft:large_amethyst_bud":1,"minecraft:spruce_planks":39,"epicpaladins:cryorium_ore":8,"minecraft:cobblestone_stairs":1,"minecraft:obsidian":14,"minecraft:granite":42,"minecraft:budding_amethyst":1,"minecraft:grass_block":1,"biomesoplenty:orange_sandstone":2,"minecraft:sandstone_stairs":1,"mores:deepslate_tourmaline_ore":25,"minecraft:iron_ore":109,"minecraft:cobbled_deepslate":11,"minecraft:deepslate_lapis_ore":18,"minecraft:anvil":1,"create:asurine":5,"mores:deepslate_sapphire_ore":1,"minecraft:small_amethyst_bud":2,"create:veridium":5,"create:limestone":2,"minecraft:sandstone_slab":2,"minecraft:deepslate_redstone_ore":10,"minecraft:blackstone":34,"minecraft:smoker":1,"minecraft:medium_amethyst_bud":1,"minecraft:amethyst_cluster":3,"mores:deepslate_anthracite_ore":11,"minecraft:torch":3,"minecraft:light_gray_terracotta":3,"minecraft:blast_furnace":5,"minecraft:calcite":4,"minecraft:melon":32,"minecraft:chest":3,"mores:tourmaline_ore":2,"mores:anthracite_ore":6,"minecraft:cobblestone":12,"mores:deepslate_turquoise_ore":9,"minecraft:amethyst_block":1,"minecraft:deepslate_copper_ore":9,"minecraft:wheat":1,"epicpaladins:deepslate_cryorium_ore":39,"minecraft:black_bed":1,"minecraft:grass":12,"minecraft:oak_log":6,"minecraft:acacia_fence":1,"minecraft:sand":19,"minecraft:dirt":6,"mores:silver_ore":28,"minecraft:smooth_basalt":12,"mores:deepslate_topaz_ore":27,"minecraft:oak_leaves":1,"epicpaladins:arclight_ore":24,"minecraft:deepslate":124,"create:zinc_ore":6,"minecraft:tuff":28,"minecraft:deepslate_diamond_ore":16,"biomesoplenty:desert_grass":3,"biomesoplenty:bush":3,"minecraft:spruce_leaves":4,"minecraft:sandstone":5,"epicpaladins:deepslate_arclight_ore":24,"minecraft:large_fern":1,"minecraft:furnace":5,"minecraft:chiseled_sandstone":2,"minecraft:andesite":3,"mores:deepslate_cobalt_ore":9,"minecraft:deepslate_iron_ore":40,"biomesoplenty:mahogany_leaves":9,"minecraft:vine":2,"minecraft:stone":321,"minecraft:smithing_table":1,"mores:cobalt_ore":37,"epicpaladins:deepslate_bloodstone_ore":57,"biomesoplenty:orange_sand":1,"minecraft:crafting_table":10,"biomesoplenty:mahogany_planks":24,"minecraft:tall_grass":1,"minecraft:copper_ore":1,"minecraft:lapis_ore":11,"biomesoplenty:sprout":1,"minecraft:deepslate_gold_ore":19,"mores:tin_ore":21,"minecraft:spruce_stairs":2,"epicpaladins:bloodstone_ore":16,"mores:deepslate_ruby_ore":1,"biomesoplenty:mahogany_log":84,"minecraft:spruce_log":23,"minecraft:yellow_bed":8,"minecraft:coal_ore":267,"minecraft:gravel":4,"minecraft:cobweb":1,"minecraft:terracotta":39,"mores:deepslate_silver_ore":1,"minecraft:gold_ore":37,"minecraft:fern":15},"minecraft:killed":{"vampirism:vampire":3,"minecraft:witch":1,"minecraft:spider":6,"minecraft:skeleton":23,"artifacts:mimic":1,"minecraft:zombie_villager":1,"minecraft:creeper":10,"minecraft:zombie":38,"minecraft:cow":9,"minecraft:husk":1,"minecraft:enderman":1}},"DataVersion":3465}