{"stats":{"minecraft:picked_up":{"minecraft:crafting_table":4,"minecraft:leather_chestplate":3,"minecraft:leather_leggings":2,"minecraft:smithing_table":1,"minecraft:oak_log":6,"minecraft:string":1,"minecraft:iron_leggings":1,"minecraft:armor_stand":2,"minecraft:leather_boots":2,"minecraft:item_frame":3,"minecraft:experience_bottle":1,"minecraft:bone":2,"minecraft:iron_ingot":2,"minecraft:player_head":3,"tombstone:bag_of_seeds":1,"minecraft:melon_slice":38,"minecraft:iron_sword":1,"minecraft:iron_boots":2,"minecraft:furnace":1,"minecraft:raw_iron":5,"minecraft:gravel":1,"minecraft:stone_button":4,"minecraft:spruce_sapling":1,"mores:raw_cobalt":1,"tombstone:grave_dust":2,"minecraft:spruce_log":5,"minecraft:stone_sword":1,"minecraft:arrow":2,"minecraft:rotten_flesh":7,"minecraft:oak_sapling":1,"mores:raw_silver":8,"minecraft:coal":37,"minecraft:cobblestone":30},"minecraft:killed_by":{"minecraft:player":1},"minecraft:crafted":{"mores:silver_ingot":8,"minecraft:oak_planks":24,"minecraft:crafting_table":1,"mores:cobalt_ingot":1,"minecraft:spruce_planks":12,"minecraft:wooden_pickaxe":1,"minecraft:furnace":1,"minecraft:air":0,"minecraft:stick":12,"minecraft:iron_ingot":5,"minecraft:iron_pickaxe":1,"minecraft:stone_pickaxe":1,"minecraft:wooden_axe":1,"minecraft:stone_sword":1,"mores:silver_helmet":1},"minecraft:used":{"minecraft:stone_sword":39,"minecraft:stone_pickaxe":85,"minecraft:wooden_pickaxe":4,"minecraft:rotten_flesh":2,"minecraft:crafting_table":5,"tombstone:bag_of_seeds":1,"minecraft:wooden_axe":21,"minecraft:melon_slice":15,"minecraft:spruce_sapling":1,"minecraft:furnace":1,"minecraft:oak_sapling":1},"minecraft:dropped":{"minecraft:gravel":1,"minecraft:player_head":1,"minecraft:rotten_flesh":5,"minecraft:iron_boots":1,"minecraft:item_frame":3,"minecraft:leather_chestplate":2,"minecraft:stone_button":4,"minecraft:leather_boots":2,"minecraft:leather_leggings":2,"minecraft:wooden_pickaxe":1,"minecraft:armor_stand":2},"minecraft:custom":{"minecraft:interact_with_furnace":4,"minecraft:mob_kills":8,"tombstone:raider_killed":3,"minecraft:interact_with_crafting_table":12,"minecraft:eat_cake_slice":5,"minecraft:leave_game":1,"minecraft:time_since_death":7759,"minecraft:sleep_in_bed":1,"minecraft:climb_one_cm":1096,"minecraft:time_since_rest":6832,"minecraft:sprint_one_cm":69067,"minecraft:damage_taken":681,"minecraft:walk_one_cm":143907,"minecraft:drop":24,"minecraft:damage_dealt":1251,"minecraft:fly_one_cm":64900,"minecraft:open_chest":6,"minecraft:crouch_one_cm":406,"tombstone:undead_killed":6,"minecraft:play_time":38665,"minecraft:deaths":1,"minecraft:sneak_time":96,"minecraft:jump":519,"minecraft:walk_on_water_one_cm":897,"minecraft:total_world_time":38665,"minecraft:fall_one_cm":9695},"minecraft:mined":{"minecraft:smithing_table":1,"mores:cobalt_ore":1,"biomesoplenty:desert_grass":2,"minecraft:crafting_table":4,"minecraft:melon":7,"minecraft:tall_grass":1,"minecraft:furnace":1,"minecraft:iron_ore":5,"minecraft:wheat":1,"minecraft:spruce_log":5,"minecraft:grass":3,"minecraft:oak_log":6,"minecraft:coal_ore":36,"minecraft:gravel":1,"mores:silver_ore":8,"minecraft:cobweb":1,"minecraft:stone":30,"minecraft:oak_leaves":1},"minecraft:killed":{"minecraft:skeleton":2,"minecraft:zombie":4}},"DataVersion":3465}