{"stats":{"minecraft:crafted":{"minecraft:wooden_sword":1,"minecraft:crafting_table":1,"minecraft:spruce_planks":48,"minecraft:stick":8,"minecraft:wooden_pickaxe":1,"minecraft:wooden_axe":1},"minecraft:used":{"minecraft:wooden_axe":42,"minecraft:bread":3,"minecraft:wooden_pickaxe":1,"minecraft:spruce_planks":7,"minecraft:leather_chestplate":1,"minecraft:blue_bed":1,"farmersdelight:onion":1,"minecraft:wooden_sword":4,"minecraft:crafting_table":2,"minecraft:potato":14,"minecraft:snowball":2},"minecraft:custom":{"minecraft:time_since_rest":4620,"minecraft:sprint_one_cm":75867,"minecraft:damage_taken":217,"minecraft:walk_one_cm":22491,"minecraft:mob_kills":1,"minecraft:drop":2,"minecraft:damage_dealt":90,"minecraft:interact_with_crafting_table":3,"minecraft:fly_one_cm":116891,"minecraft:open_chest":6,"minecraft:crouch_one_cm":1245,"minecraft:play_time":24194,"minecraft:sneak_time":861,"minecraft:jump":483,"minecraft:leave_game":1,"minecraft:walk_on_water_one_cm":45,"minecraft:time_since_death":24194,"minecraft:sleep_in_bed":1,"minecraft:total_world_time":24194,"minecraft:fall_one_cm":11421},"minecraft:mined":{"minecraft:carrots":4,"minecraft:wheat":4,"minecraft:spruce_log":9,"minecraft:stripped_spruce_log":5,"treechop:chopped_log":4,"minecraft:crafting_table":1,"minecraft:potatoes":8,"minecraft:chest":1,"minecraft:dirt":1,"minecraft:packed_ice":1,"minecraft:spruce_leaves":5,"minecraft:diorite":1,"minecraft:blue_bed":1,"regions_unexplored:pine_log":1},"minecraft:dropped":{"alexsmobs:maggot":1,"artifacts:villager_hat":1},"minecraft:killed":{"alexsmobs:fly":1},"minecraft:picked_up":{"minecraft:leather_chestplate":1,"minecraft:stick":6,"minecraft:crafting_table":1,"minecraft:wooden_pickaxe":1,"minecraft:potato":16,"minecraft:snow_block":1,"minecraft:stripped_spruce_log":5,"minecraft:spruce_sapling":5,"minecraft:carrot":4,"minecraft:spruce_log":12,"aether:leather_gloves":1,"minecraft:blue_bed":1,"minecraft:dirt":1,"minecraft:wheat_seeds":4,"artifacts:villager_hat":2,"minecraft:beetroot_seeds":4,"regions_unexplored:pine_log":2,"farmersdelight:onion":2,"minecraft:spruce_planks":6,"minecraft:emerald":2,"minecraft:poppy":2,"alexsmobs:maggot":2,"minecraft:chest":1,"minecraft:coal":8,"farmersdelight:cabbage_seeds":2}},"DataVersion":3465}