{"stats":{"minecraft:picked_up":{"minecraft:crafting_table":5,"minecraft:wheat":1,"minecraft:leather_leggings":2,"minecraft:smithing_table":1,"minecraft:enchanted_book":1,"minecraft:amethyst_block":2,"minecraft:string":1,"minecraft:iron_leggings":1,"minecraft:item_frame":6,"minecraft:armor_stand":2,"minecraft:experience_bottle":3,"minecraft:gold_nugget":1,"minecraft:beef":11,"minecraft:player_head":3,"minecraft:calcite":4,"minecraft:iron_pickaxe":1,"minecraft:melon_slice":38,"minecraft:chest":2,"minecraft:furnace":4,"minecraft:iron_boots":3,"minecraft:raw_iron":28,"minecraft:stick":6,"minecraft:spruce_stairs":2,"minecraft:stone_button":4,"tombstone:grave_dust":3,"mores:raw_tin":72,"minecraft:stone_sword":2,"minecraft:arrow":2,"minecraft:rotten_flesh":8,"minecraft:peony":1,"minecraft:cobblestone":82,"minecraft:leather_chestplate":3,"minecraft:leather":5,"minecraft:flint":2,"minecraft:oak_log":6,"minecraft:yellow_bed":3,"minecraft:leather_boots":2,"minecraft:bone":3,"minecraft:bow":1,"minecraft:wheat_seeds":3,"minecraft:iron_ingot":2,"mores:silver_ingot":15,"tombstone:bag_of_seeds":1,"minecraft:tall_grass":1,"minecraft:iron_sword":2,"minecraft:smooth_basalt":10,"minecraft:gravel":2,"minecraft:amethyst_shard":12,"mores:raw_cobalt":9,"minecraft:spruce_sapling":1,"minecraft:blast_furnace":1,"minecraft:spruce_log":21,"minecraft:writable_book":1,"minecraft:grass":1,"minecraft:bread":5,"minecraft:oak_sapling":1,"mores:raw_silver":23,"minecraft:black_wool":1,"minecraft:coal":273},"minecraft:killed_by":{"minecraft:player":1},"minecraft:crafted":{"minecraft:oak_planks":24,"minecraft:smooth_stone":6,"mores:cobalt_dagger":1,"minecraft:furnace":2,"minecraft:blast_furnace":1,"minecraft:stone":7,"mores:cobalt_shield":1,"minecraft:iron_boots":1,"mores:tin_ingot":52,"mores:cobalt_battleaxe":1,"minecraft:stone_pickaxe":1,"minecraft:chest":1,"mores:silver_helmet":1,"mores:silver_ingot":23,"minecraft:crafting_table":2,"minecraft:spruce_planks":84,"mores:cobalt_ingot":9,"mores:cobalt_pickaxe":1,"minecraft:wooden_pickaxe":1,"minecraft:iron_helmet":1,"mores:silver_axe":1,"minecraft:air":0,"minecraft:iron_chestplate":1,"minecraft:shield":1,"minecraft:stick":36,"minecraft:iron_ingot":25,"minecraft:iron_pickaxe":1,"minecraft:wooden_axe":1,"minecraft:stone_sword":1,"minecraft:torch":56,"tombstone:bone_needle":1},"minecraft:used":{"minecraft:stone_sword":44,"minecraft:chest":3,"minecraft:iron_sword":25,"mores:cobalt_dagger":1,"minecraft:rotten_flesh":2,"minecraft:torch":31,"minecraft:wooden_axe":21,"minecraft:smooth_basalt":1,"minecraft:oak_sapling":1,"minecraft:furnace":4,"mores:silver_axe":45,"minecraft:stone_pickaxe":97,"minecraft:wooden_pickaxe":4,"minecraft:crafting_table":7,"minecraft:blast_furnace":1,"tombstone:bag_of_seeds":1,"minecraft:melon_slice":20,"minecraft:bread":11,"minecraft:iron_pickaxe":232,"minecraft:spruce_sapling":1,"minecraft:yellow_bed":2},"minecraft:dropped":{"minecraft:wheat_seeds":3,"minecraft:cobblestone":54,"minecraft:amethyst_block":2,"minecraft:spruce_stairs":1,"minecraft:item_frame":6,"minecraft:flint":1,"minecraft:grass":1,"minecraft:stone_button":4,"minecraft:wooden_axe":1,"tombstone:grave_dust":2,"minecraft:writable_book":1,"minecraft:gold_nugget":1,"minecraft:iron_pickaxe":1,"minecraft:smooth_stone":3,"minecraft:string":1,"minecraft:armor_stand":2,"minecraft:smooth_basalt":9,"minecraft:bone":1,"minecraft:gravel":2,"minecraft:player_head":3,"minecraft:stone_sword":2,"minecraft:wheat":1,"minecraft:tall_grass":1,"minecraft:rotten_flesh":6,"minecraft:iron_boots":2,"minecraft:pumpkin_seeds":3,"minecraft:leather_chestplate":3,"minecraft:stone":1,"minecraft:peony":1,"minecraft:beetroot_seeds":1,"minecraft:melon_seeds":2,"minecraft:leather_boots":2,"minecraft:leather_leggings":2,"minecraft:wooden_pickaxe":1,"minecraft:calcite":4,"minecraft:black_wool":1},"minecraft:custom":{"minecraft:mob_kills":16,"minecraft:interact_with_crafting_table":21,"minecraft:bell_ring":2,"minecraft:eat_cake_slice":5,"minecraft:leave_game":2,"minecraft:time_since_death":78751,"minecraft:climb_one_cm":3070,"minecraft:sprint_one_cm":309727,"minecraft:walk_one_cm":284690,"minecraft:drop":68,"minecraft:talked_to_villager":3,"minecraft:play_time":109657,"minecraft:deaths":1,"minecraft:sneak_time":469,"minecraft:walk_under_water_one_cm":843,"minecraft:jump":1248,"minecraft:interact_with_blast_furnace":4,"minecraft:walk_on_water_one_cm":3369,"minecraft:total_world_time":109657,"minecraft:interact_with_furnace":19,"tombstone:raider_killed":3,"minecraft:sleep_in_bed":5,"minecraft:time_since_rest":204,"minecraft:damage_taken":826,"minecraft:damage_dealt":2192,"minecraft:swim_one_cm":5612,"minecraft:fly_one_cm":230865,"minecraft:open_chest":18,"minecraft:crouch_one_cm":1621,"tombstone:undead_killed":7,"minecraft:fall_one_cm":25417},"minecraft:mined":{"minecraft:large_amethyst_bud":1,"biomesoplenty:desert_grass":2,"minecraft:budding_amethyst":1,"biomesoplenty:bush":3,"minecraft:grass_block":1,"minecraft:spruce_leaves":4,"minecraft:furnace":4,"minecraft:iron_ore":25,"minecraft:small_amethyst_bud":2,"minecraft:stone":92,"minecraft:smithing_table":1,"mores:cobalt_ore":9,"minecraft:medium_amethyst_bud":1,"minecraft:amethyst_cluster":3,"minecraft:crafting_table":5,"minecraft:blast_furnace":1,"minecraft:calcite":4,"minecraft:melon":7,"minecraft:chest":3,"minecraft:tall_grass":1,"mores:tin_ore":21,"minecraft:amethyst_block":1,"minecraft:spruce_stairs":2,"minecraft:wheat":1,"minecraft:spruce_log":21,"minecraft:yellow_bed":3,"minecraft:grass":12,"minecraft:coal_ore":123,"minecraft:oak_log":6,"minecraft:acacia_fence":1,"minecraft:gravel":3,"mores:silver_ore":23,"minecraft:cobweb":1,"minecraft:smooth_basalt":11,"minecraft:oak_leaves":1,"minecraft:fern":1},"minecraft:killed":{"minecraft:skeleton":2,"minecraft:zombie":5,"minecraft:cow":7}},"DataVersion":3465}