{"stats":{"minecraft:picked_up":{"minecraft:crafting_table":10,"minecraft:wheat":1,"minecraft:leather_leggings":2,"minecraft:smithing_table":1,"minecraft:enchanted_book":3,"minecraft:amethyst_block":2,"minecraft:string":6,"minecraft:raw_copper":37,"minecraft:item_frame":6,"mores:tourmaline_gem":5,"minecraft:iron_leggings":1,"minecraft:armor_stand":2,"epicpaladins:bloodstone_gem":23,"minecraft:experience_bottle":3,"minecraft:gold_nugget":1,"minecraft:cobbled_deepslate":12,"minecraft:spruce_planks":75,"minecraft:beef":16,"minecraft:player_head":3,"minecraft:calcite":4,"minecraft:iron_pickaxe":1,"minecraft:melon_slice":174,"minecraft:chest":2,"minecraft:iron_boots":3,"minecraft:furnace":4,"minecraft:raw_iron":60,"minecraft:stick":17,"epicpaladins:arclight_gem":14,"minecraft:copper_ingot":58,"minecraft:torch":3,"minecraft:spruce_stairs":3,"minecraft:stone_button":4,"tombstone:grave_dust":11,"mores:topaz_gem":3,"create_sa:zinc_pickaxe":1,"create:zinc_ingot":9,"mores:raw_tin":72,"minecraft:arrow":11,"minecraft:rotten_flesh":19,"minecraft:stone_sword":2,"epicpaladins:cryorium_gem":12,"minecraft:peony":1,"biomesoplenty:mahogany_sapling":5,"biomesoplenty:orange_sand":1,"minecraft:cobblestone":167,"minecraft:leather_chestplate":3,"minecraft:glow_ink_sac":3,"minecraft:leather":6,"minecraft:smoker":1,"minecraft:flint":2,"create:raw_zinc":6,"minecraft:tuff":6,"minecraft:oak_log":6,"minecraft:yellow_bed":8,"minecraft:gunpowder":3,"minecraft:lapis_lazuli":63,"tombstone:gift":1,"epicpaladins:cryorium_pickaxe":1,"minecraft:leather_boots":2,"minecraft:bone":11,"minecraft:bow":6,"mores:steel_shovel":3,"minecraft:wheat_seeds":5,"mores:silver_ingot":15,"minecraft:raw_gold":3,"minecraft:iron_ingot":2,"vampirism:item_garlic":1,"tombstone:bag_of_seeds":1,"minecraft:tall_grass":1,"minecraft:iron_sword":3,"biomesoplenty:mahogany_planks":24,"minecraft:smooth_basalt":10,"minecraft:gravel":3,"mores:ruby_gem":1,"minecraft:amethyst_shard":12,"minecraft:sand":18,"minecraft:spruce_sapling":1,"mores:raw_cobalt":24,"minecraft:blast_furnace":4,"minecraft:spruce_log":23,"minecraft:spider_eye":1,"minecraft:bundle":1,"biomesoplenty:mahogany_log":83,"minecraft:diamond":1,"vampirism:oil_bottle":1,"minecraft:writable_book":1,"mores:anthracite":3,"minecraft:grass":1,"minecraft:bread":5,"mores:raw_silver":27,"minecraft:black_wool":1,"minecraft:coal":534,"minecraft:oak_sapling":1},"minecraft:broken":{"minecraft:iron_pickaxe":1},"minecraft:killed_by":{"minecraft:player":1},"minecraft:crafted":{"minecraft:smooth_stone":6,"minecraft:oak_planks":24,"vampirism:injection_garlic":1,"mores:cobalt_dagger":1,"biomesoplenty:mahogany_planks":68,"minecraft:furnace":3,"minecraft:blast_furnace":1,"minecraft:stone":7,"epicpaladins:arclight_pickaxe":1,"mores:cobalt_shield":1,"create_sa:zinc_pickaxe":1,"minecraft:glass_pane":16,"vampirism:injection_empty":1,"minecraft:glass":8,"minecraft:iron_boots":1,"sophisticatedbackpacks:copper_backpack":1,"minecraft:ladder":9,"mores:tin_ingot":52,"mores:cobalt_battleaxe":1,"minecraft:stone_pickaxe":1,"minecraft:chest":4,"epicpaladins:cryorium_pickaxe":1,"vampirism:stake":1,"sophisticatedbackpacks:iron_backpack":1,"mores:silver_helmet":1,"mores:silver_ingot":23,"sophisticatedbackpacks:backpack":1,"minecraft:crafting_table":5,"minecraft:spruce_planks":84,"mores:cobalt_ingot":24,"mores:cobalt_pickaxe":1,"minecraft:wooden_pickaxe":1,"minecraft:iron_helmet":1,"minecraft:copper_ingot":37,"epicpaladins:cryorium_axe":1,"minecraft:bucket":2,"mores:silver_axe":1,"minecraft:air":0,"mores:cobalt_chestplate":1,"epicpaladins:cryorium_sword":1,"minecraft:iron_chestplate":1,"minecraft:shield":1,"minecraft:stick":80,"minecraft:iron_ingot":46,"minecraft:iron_pickaxe":1,"minecraft:wooden_axe":1,"minecraft:stone_sword":1,"minecraft:torch":144,"create:zinc_ingot":6,"tombstone:bone_needle":1},"minecraft:used":{"biomesoplenty:mahogany_planks":54,"mores:cobalt_shield":8,"minecraft:stone_sword":44,"epicpaladins:cryorium_pickaxe":147,"minecraft:ladder":5,"minecraft:chest":5,"minecraft:spruce_planks":66,"minecraft:shield":11,"minecraft:iron_sword":55,"mores:cobalt_dagger":1,"minecraft:torch":96,"minecraft:rotten_flesh":2,"minecraft:wooden_axe":21,"mores:cobalt_battleaxe":7,"minecraft:smooth_basalt":1,"minecraft:furnace":6,"minecraft:oak_sapling":1,"tombstone:gift":2,"mores:silver_axe":177,"epicpaladins:cryorium_sword":96,"minecraft:water_bucket":7,"minecraft:stone_pickaxe":97,"minecraft:wooden_pickaxe":4,"epicpaladins:cryorium_axe":69,"biomesoplenty:mahogany_log":17,"minecraft:blast_furnace":4,"minecraft:crafting_table":14,"create_sa:zinc_pickaxe":162,"tombstone:bag_of_seeds":1,"epicpaladins:arclight_pickaxe":36,"minecraft:bread":24,"minecraft:iron_pickaxe":250,"minecraft:melon_slice":83,"mores:cobalt_pickaxe":8,"minecraft:spruce_sapling":1,"minecraft:cobblestone":41,"minecraft:bucket":9,"minecraft:yellow_bed":8,"minecraft:experience_bottle":1},"minecraft:dropped":{"minecraft:enchanted_book":2,"biomesoplenty:mahogany_log":2,"minecraft:iron_sword":2,"minecraft:wheat_seeds":5,"minecraft:crafting_table":1,"minecraft:cobblestone":89,"mores:steel_shovel":4,"minecraft:amethyst_block":2,"epicpaladins:cryorium_pickaxe":1,"create_sa:zinc_pickaxe":1,"minecraft:copper_ingot":58,"minecraft:spruce_stairs":3,"minecraft:item_frame":6,"minecraft:flint":1,"biomesoplenty:orange_sand":1,"minecraft:grass":1,"minecraft:stone_button":4,"minecraft:torch":1,"minecraft:wooden_axe":1,"minecraft:melon_slice":26,"tombstone:grave_dust":4,"minecraft:writable_book":1,"minecraft:gold_nugget":1,"minecraft:iron_pickaxe":1,"minecraft:smooth_stone":3,"minecraft:string":2,"minecraft:smooth_basalt":9,"minecraft:bone":3,"minecraft:armor_stand":2,"minecraft:gravel":3,"minecraft:player_head":3,"minecraft:cobbled_deepslate":12,"minecraft:stone_sword":2,"minecraft:tuff":6,"minecraft:wheat":1,"minecraft:tall_grass":1,"minecraft:raw_iron":11,"minecraft:rotten_flesh":8,"minecraft:iron_boots":4,"minecraft:pumpkin_seeds":3,"minecraft:leather_chestplate":3,"minecraft:stone":1,"minecraft:shield":1,"minecraft:gunpowder":1,"create:zinc_ingot":12,"minecraft:peony":1,"minecraft:spruce_planks":41,"minecraft:beetroot_seeds":1,"minecraft:melon_seeds":2,"minecraft:ladder":4,"mores:raw_silver":4,"minecraft:leather_boots":2,"minecraft:leather_leggings":2,"mores:silver_axe":1,"minecraft:arrow":4,"minecraft:stone_pickaxe":1,"minecraft:bow":5,"biomesoplenty:mahogany_sapling":5,"minecraft:wooden_pickaxe":1,"minecraft:calcite":4,"minecraft:black_wool":1},"minecraft:custom":{"minecraft:mob_kills":54,"minecraft:interact_with_crafting_table":54,"minecraft:open_barrel":1,"minecraft:bell_ring":2,"minecraft:damage_dealt_resisted":70,"minecraft:eat_cake_slice":5,"minecraft:leave_game":5,"minecraft:time_since_death":210490,"minecraft:climb_one_cm":6880,"vampirism:interact_alchemical_cauldron":1,"minecraft:sprint_one_cm":549176,"minecraft:walk_one_cm":591394,"minecraft:damage_blocked_by_shield":535,"minecraft:drop":138,"vampirism:skills_unlocked":2,"minecraft:talked_to_villager":3,"minecraft:play_time":241396,"minecraft:deaths":1,"minecraft:sneak_time":7244,"minecraft:walk_under_water_one_cm":15501,"minecraft:jump":2979,"minecraft:interact_with_blast_furnace":22,"minecraft:walk_on_water_one_cm":25591,"minecraft:total_world_time":241396,"vampirism:interact_with_injection_chair":2,"minecraft:interact_with_furnace":27,"tombstone:raider_killed":3,"vampirism:interact_with_research_table":4,"minecraft:sleep_in_bed":10,"minecraft:time_since_rest":4825,"minecraft:damage_taken":2307,"minecraft:damage_dealt":9944,"minecraft:swim_one_cm":25060,"minecraft:fly_one_cm":493456,"minecraft:open_chest":38,"minecraft:crouch_one_cm":19220,"tombstone:undead_killed":32,"minecraft:fall_one_cm":62418},"minecraft:mined":{"create:zinc_ore":6,"minecraft:large_amethyst_bud":1,"minecraft:tuff":7,"minecraft:spruce_planks":39,"minecraft:deepslate_diamond_ore":1,"biomesoplenty:desert_grass":3,"minecraft:budding_amethyst":1,"biomesoplenty:bush":3,"minecraft:grass_block":1,"minecraft:spruce_leaves":4,"minecraft:large_fern":1,"mores:deepslate_tourmaline_ore":3,"minecraft:furnace":5,"minecraft:iron_ore":46,"minecraft:deepslate_lapis_ore":7,"mores:deepslate_cobalt_ore":2,"create:asurine":5,"minecraft:vine":1,"biomesoplenty:mahogany_leaves":9,"minecraft:small_amethyst_bud":2,"minecraft:stone":224,"minecraft:smithing_table":1,"mores:cobalt_ore":22,"epicpaladins:deepslate_bloodstone_ore":15,"minecraft:medium_amethyst_bud":1,"biomesoplenty:orange_sand":1,"minecraft:smoker":1,"minecraft:amethyst_cluster":3,"minecraft:crafting_table":10,"minecraft:torch":2,"minecraft:blast_furnace":4,"minecraft:calcite":4,"minecraft:melon":32,"biomesoplenty:mahogany_planks":24,"minecraft:chest":3,"mores:tourmaline_ore":2,"mores:anthracite_ore":3,"minecraft:copper_ore":1,"minecraft:tall_grass":1,"minecraft:cobblestone":10,"minecraft:lapis_ore":3,"biomesoplenty:sprout":1,"minecraft:deepslate_gold_ore":2,"mores:tin_ore":21,"minecraft:amethyst_block":1,"minecraft:deepslate_copper_ore":9,"minecraft:spruce_stairs":2,"epicpaladins:bloodstone_ore":8,"mores:deepslate_ruby_ore":1,"biomesoplenty:mahogany_log":84,"minecraft:wheat":1,"epicpaladins:deepslate_cryorium_ore":12,"minecraft:spruce_log":23,"minecraft:yellow_bed":8,"minecraft:grass":12,"minecraft:coal_ore":182,"minecraft:oak_log":6,"minecraft:acacia_fence":1,"minecraft:gravel":4,"minecraft:sand":19,"mores:silver_ore":28,"minecraft:cobweb":1,"minecraft:smooth_basalt":11,"minecraft:gold_ore":1,"mores:deepslate_topaz_ore":3,"minecraft:oak_leaves":1,"epicpaladins:arclight_ore":14,"minecraft:deepslate":16,"minecraft:fern":15},"minecraft:killed":{"minecraft:spider":4,"minecraft:skeleton":13,"minecraft:husk":1,"minecraft:creeper":4,"minecraft:zombie":18,"minecraft:cow":9}},"DataVersion":3465}