{"stats":{"minecraft:picked_up":{"minecraft:crafting_table":4,"minecraft:leather_chestplate":3,"minecraft:leather_leggings":2,"minecraft:smithing_table":1,"minecraft:flint":1,"minecraft:oak_log":6,"minecraft:amethyst_block":1,"minecraft:string":1,"minecraft:iron_leggings":1,"minecraft:armor_stand":2,"minecraft:leather_boots":2,"minecraft:item_frame":3,"minecraft:experience_bottle":1,"minecraft:bone":2,"minecraft:iron_ingot":2,"minecraft:calcite":4,"minecraft:player_head":3,"tombstone:bag_of_seeds":1,"minecraft:iron_pickaxe":1,"minecraft:melon_slice":38,"minecraft:iron_sword":1,"minecraft:iron_boots":2,"minecraft:furnace":3,"minecraft:smooth_basalt":9,"minecraft:raw_iron":28,"minecraft:gravel":2,"minecraft:amethyst_shard":12,"minecraft:stone_button":4,"minecraft:spruce_sapling":1,"mores:raw_cobalt":9,"tombstone:grave_dust":2,"minecraft:spruce_log":5,"mores:raw_tin":52,"minecraft:stone_sword":1,"minecraft:arrow":2,"minecraft:rotten_flesh":8,"minecraft:oak_sapling":1,"mores:raw_silver":23,"minecraft:coal":193,"minecraft:cobblestone":82},"minecraft:killed_by":{"minecraft:player":1},"minecraft:crafted":{"mores:silver_ingot":8,"minecraft:smooth_stone":6,"minecraft:oak_planks":24,"minecraft:crafting_table":2,"mores:cobalt_ingot":9,"minecraft:spruce_planks":20,"minecraft:wooden_pickaxe":1,"minecraft:iron_helmet":1,"minecraft:furnace":2,"minecraft:blast_furnace":1,"minecraft:stone":7,"minecraft:air":0,"minecraft:iron_boots":1,"minecraft:iron_chestplate":1,"minecraft:shield":1,"mores:tin_ingot":52,"minecraft:stick":28,"minecraft:iron_ingot":25,"minecraft:iron_pickaxe":1,"minecraft:stone_pickaxe":1,"minecraft:wooden_axe":1,"minecraft:stone_sword":1,"minecraft:torch":56,"tombstone:bone_needle":1,"mores:silver_helmet":1},"minecraft:used":{"minecraft:stone_sword":44,"minecraft:stone_pickaxe":95,"minecraft:wooden_pickaxe":4,"minecraft:rotten_flesh":2,"minecraft:torch":31,"minecraft:crafting_table":6,"minecraft:blast_furnace":1,"tombstone:bag_of_seeds":1,"minecraft:wooden_axe":21,"minecraft:melon_slice":18,"minecraft:iron_pickaxe":222,"minecraft:spruce_sapling":1,"minecraft:smooth_basalt":1,"minecraft:furnace":4,"minecraft:oak_sapling":1},"minecraft:dropped":{"minecraft:gravel":2,"minecraft:player_head":3,"minecraft:cobblestone":54,"minecraft:rotten_flesh":6,"minecraft:iron_boots":1,"minecraft:item_frame":3,"minecraft:leather_chestplate":2,"minecraft:stone":1,"minecraft:stone_button":4,"minecraft:leather_boots":2,"minecraft:leather_leggings":2,"minecraft:iron_pickaxe":1,"minecraft:wooden_pickaxe":1,"minecraft:smooth_stone":3,"minecraft:calcite":4,"minecraft:string":1,"minecraft:armor_stand":2},"minecraft:custom":{"minecraft:interact_with_furnace":17,"minecraft:mob_kills":9,"tombstone:raider_killed":3,"minecraft:interact_with_crafting_table":17,"minecraft:eat_cake_slice":5,"minecraft:leave_game":1,"minecraft:time_since_death":43759,"minecraft:sleep_in_bed":2,"minecraft:climb_one_cm":1602,"minecraft:time_since_rest":31323,"minecraft:sprint_one_cm":80753,"minecraft:damage_taken":741,"minecraft:walk_one_cm":195427,"minecraft:drop":36,"minecraft:damage_dealt":1450,"minecraft:fly_one_cm":69918,"minecraft:open_chest":7,"minecraft:crouch_one_cm":755,"tombstone:undead_killed":7,"minecraft:play_time":74665,"minecraft:deaths":1,"minecraft:sneak_time":190,"minecraft:jump":648,"minecraft:interact_with_blast_furnace":2,"minecraft:walk_on_water_one_cm":897,"minecraft:total_world_time":74665,"minecraft:fall_one_cm":10384},"minecraft:mined":{"minecraft:smithing_table":1,"minecraft:large_amethyst_bud":1,"mores:cobalt_ore":9,"minecraft:medium_amethyst_bud":1,"minecraft:amethyst_cluster":3,"biomesoplenty:desert_grass":2,"minecraft:crafting_table":4,"minecraft:budding_amethyst":1,"minecraft:calcite":4,"minecraft:melon":7,"minecraft:tall_grass":1,"mores:tin_ore":16,"minecraft:amethyst_block":1,"minecraft:furnace":3,"minecraft:iron_ore":25,"minecraft:wheat":1,"minecraft:spruce_log":5,"minecraft:grass":3,"minecraft:oak_log":6,"minecraft:coal_ore":123,"minecraft:small_amethyst_bud":2,"minecraft:gravel":3,"mores:silver_ore":23,"minecraft:cobweb":1,"minecraft:smooth_basalt":10,"minecraft:stone":89,"minecraft:oak_leaves":1},"minecraft:killed":{"minecraft:skeleton":2,"minecraft:zombie":5}},"DataVersion":3465}