{"stats":{"minecraft:custom":{"minecraft:time_since_rest":327,"minecraft:interact_with_furnace":8,"minecraft:sprint_one_cm":53702,"minecraft:damage_taken":435,"minecraft:walk_one_cm":39085,"minecraft:mob_kills":6,"minecraft:drop":1,"minecraft:damage_dealt":1643,"minecraft:interact_with_crafting_table":11,"minecraft:player_kills":1,"minecraft:fly_one_cm":52991,"minecraft:open_chest":2,"minecraft:crouch_one_cm":5843,"minecraft:play_time":21617,"tombstone:undead_killed":2,"minecraft:deaths":2,"minecraft:bell_ring":50,"minecraft:sneak_time":2015,"minecraft:jump":326,"minecraft:leave_game":1,"minecraft:walk_on_water_one_cm":328,"minecraft:time_since_death":865,"minecraft:sleep_in_bed":1,"minecraft:total_world_time":21617,"minecraft:climb_one_cm":1209,"minecraft:fall_one_cm":9262},"minecraft:mined":{"minecraft:hay_block":16,"minecraft:acacia_leaves":2,"minecraft:wheat":58,"biomesoplenty:desert_grass":1,"minecraft:spruce_log":2,"minecraft:grass":7,"minecraft:dirt_path":1,"minecraft:dirt":1,"minecraft:cobblestone":2,"minecraft:spruce_leaves":2,"minecraft:stone":7,"minecraft:white_wool":1,"minecraft:wall_torch":1},"minecraft:dropped":{"tombstone:grave_dust":1},"minecraft:killed":{"minecraft:skeleton":1,"minecraft:zombie":1,"minecraft:iron_golem":1,"naturalist:giraffe":1},"minecraft:used":{"minecraft:stone_sword":43,"minecraft:stone_pickaxe":65,"minecraft:wooden_pickaxe":10,"minecraft:dirt":1,"minecraft:cobblestone":4,"tombstone:gift":1},"minecraft:crafted":{"minecraft:spruce_planks":8,"minecraft:stick":16,"minecraft:stone_pickaxe":1,"minecraft:stone_sword":1,"minecraft:wheat":144},"minecraft:picked_up":{"minecraft:leather_chestplate":1,"minecraft:wheat":46,"minecraft:leather_leggings":1,"minecraft:torch":1,"minecraft:wooden_pickaxe":1,"minecraft:spruce_log":2,"minecraft:dirt":1,"minecraft:item_frame":1,"minecraft:wheat_seeds":124,"minecraft:hay_block":16,"minecraft:iron_ingot":5,"biomesoplenty:wildflower":1,"minecraft:white_wool":1,"minecraft:cobblestone":9}},"DataVersion":3465}