{"stats":{"minecraft:crafted":{"minecraft:wooden_sword":1,"minecraft:crafting_table":2,"minecraft:spruce_planks":24,"minecraft:stick":8,"minecraft:wooden_pickaxe":1,"minecraft:iron_pickaxe":1,"minecraft:stone_sword":1,"minecraft:stone_axe":1},"minecraft:used":{"minecraft:stone_sword":8,"minecraft:bread":2,"minecraft:iron_pickaxe":9,"minecraft:spruce_planks":3,"minecraft:stone_axe":1,"farmersdelight:onion":3,"minecraft:wooden_sword":31,"minecraft:dirt":4,"minecraft:crafting_table":3,"alexsmobs:animal_dictionary":2},"minecraft:custom":{"minecraft:time_since_rest":4620,"minecraft:interact_with_furnace":2,"minecraft:sprint_one_cm":41209,"minecraft:damage_taken":70,"minecraft:walk_one_cm":16903,"minecraft:mob_kills":6,"minecraft:drop":6,"minecraft:damage_dealt":1533,"minecraft:interact_with_crafting_table":5,"minecraft:fly_one_cm":49199,"minecraft:open_chest":4,"minecraft:crouch_one_cm":1141,"minecraft:play_time":14010,"minecraft:sneak_time":808,"tombstone:villager_killed":1,"minecraft:jump":242,"minecraft:time_since_death":14010,"minecraft:sleep_in_bed":1,"minecraft:interact_with_smoker":1,"minecraft:total_world_time":14010,"minecraft:fall_one_cm":5736},"minecraft:mined":{"minecraft:white_bed":1,"minecraft:smoker":1,"minecraft:spruce_log":3,"treechop:chopped_log":1,"minecraft:crafting_table":2,"minecraft:grass":3,"minecraft:potatoes":3,"minecraft:grass_block":2,"minecraft:dirt_path":2,"minecraft:dirt":3,"minecraft:spruce_leaves":2,"minecraft:stone":8},"minecraft:dropped":{"minecraft:leather_chestplate":1,"minecraft:potato":4,"minecraft:wheat_seeds":1,"aether:leather_gloves":1,"minecraft:wooden_pickaxe":1,"minecraft:carrot":1},"minecraft:killed":{"minecraft:sheep":2,"minecraft:iron_golem":1,"mca:female_villager":1,"minecraft:cow":2},"minecraft:picked_up":{"minecraft:stick":1,"minecraft:crafting_table":2,"minecraft:leather":1,"minecraft:smoker":1,"minecraft:potato":4,"minecraft:spruce_sapling":4,"minecraft:carrot":1,"minecraft:diorite":1,"minecraft:white_bed":1,"minecraft:spruce_log":6,"minecraft:dirt":7,"minecraft:wheat_seeds":1,"minecraft:iron_ingot":4,"minecraft:beef":3,"minecraft:mutton":4,"minecraft:white_wool":2,"minecraft:cobblestone":8}},"DataVersion":3465}