{"stats":{"minecraft:crafted":{"minecraft:cooked_beef":3,"minecraft:wooden_sword":1,"sophisticatedbackpacks:backpack":1,"minecraft:crafting_table":3,"minecraft:spruce_planks":84,"minecraft:wooden_pickaxe":1,"minecraft:stone_axe":1,"minecraft:cooked_mutton":4,"minecraft:air":0,"minecraft:shield":1,"minecraft:stick":12,"minecraft:iron_axe":1,"minecraft:iron_pickaxe":1,"minecraft:stone_sword":1,"quark:spruce_chest":1},"minecraft:used":{"minecraft:cooked_mutton":4,"minecraft:stone_sword":91,"minecraft:spruce_planks":6,"minecraft:shield":1,"farmersdelight:onion":3,"minecraft:dirt":4,"minecraft:crafting_table":6,"minecraft:snowball":3,"minecraft:smoker":2,"minecraft:iron_axe":25,"minecraft:bread":14,"minecraft:iron_pickaxe":53,"minecraft:spruce_sapling":4,"minecraft:stone_axe":1,"minecraft:wooden_sword":31,"alexsmobs:animal_dictionary":3,"minecraft:cooked_beef":1},"minecraft:custom":{"minecraft:interact_with_furnace":5,"minecraft:mob_kills":23,"minecraft:interact_with_crafting_table":10,"minecraft:time_since_death":38010,"minecraft:sleep_in_bed":1,"minecraft:time_since_rest":28620,"minecraft:sprint_one_cm":125153,"minecraft:walk_one_cm":61222,"minecraft:damage_taken":691,"minecraft:damage_blocked_by_shield":28,"minecraft:drop":31,"minecraft:damage_dealt":4986,"minecraft:player_kills":2,"minecraft:fly_one_cm":205227,"minecraft:open_chest":13,"minecraft:crouch_one_cm":7790,"minecraft:play_time":38010,"tombstone:undead_killed":9,"minecraft:sneak_time":2943,"minecraft:walk_under_water_one_cm":11,"tombstone:tomb_raiding":1,"tombstone:villager_killed":1,"minecraft:jump":787,"minecraft:walk_on_water_one_cm":1540,"minecraft:total_world_time":38010,"minecraft:interact_with_smoker":8,"minecraft:fall_one_cm":17184},"minecraft:mined":{"minecraft:spruce_planks":5,"minecraft:white_bed":1,"minecraft:smoker":3,"minecraft:crafting_table":3,"minecraft:blast_furnace":1,"minecraft:grass_block":2,"minecraft:spruce_leaves":2,"minecraft:ice":1,"minecraft:spruce_log":3,"minecraft:stripped_spruce_log":18,"minecraft:light_gray_wool":9,"treechop:chopped_log":1,"minecraft:grass":4,"minecraft:potatoes":3,"minecraft:coal_ore":39,"minecraft:dirt_path":2,"minecraft:dirt":3,"minecraft:stone":10},"minecraft:dropped":{"minecraft:enchanted_book":1,"minecraft:water_bucket":1,"minecraft:bread":3,"minecraft:stone_axe":1,"alexsmobs:maggot":1,"minecraft:wheat_seeds":1,"alexsmobs:animal_dictionary":1,"minecraft:cobblestone":3,"minecraft:rotten_flesh":5,"artifacts:villager_hat":1,"aether:leather_gloves":1,"minecraft:white_bed":1,"minecraft:carrot":1,"minecraft:poppy":4,"supplementaries:ash":3,"minecraft:dirt":3,"minecraft:leather_chestplate":1,"minecraft:potato":4,"mca:book_romance":1,"artifacts:umbrella":1,"minecraft:torch":1,"minecraft:diorite":1,"minecraft:spruce_planks":7,"minecraft:wooden_axe":1,"minecraft:wooden_sword":2,"minecraft:wooden_pickaxe":2},"minecraft:broken":{"aether:leather_gloves":1},"minecraft:killed":{"graveyard:revenant":4,"minecraft:spider":6,"minecraft:iron_golem":1,"creeperoverhaul:snowy_creeper":2,"minecraft:sheep":2,"minecraft:zombie":5,"mca:female_villager":1,"minecraft:cow":2},"minecraft:picked_up":{"minecraft:crafting_table":3,"minecraft:leather":1,"minecraft:smoker":3,"minecraft:potato":4,"minecraft:string":5,"minecraft:dirt":7,"minecraft:bone":5,"minecraft:wheat_seeds":1,"minecraft:spruce_planks":12,"minecraft:beef":3,"minecraft:iron_ingot":4,"minecraft:poppy":4,"minecraft:light_gray_wool":9,"minecraft:stick":1,"minecraft:torch":2,"minecraft:spruce_log":6,"minecraft:stripped_spruce_log":15,"minecraft:spruce_sapling":9,"minecraft:white_bed":1,"minecraft:blast_furnace":1,"minecraft:diorite":1,"minecraft:carrot":1,"alexsmobs:animal_dictionary":1,"minecraft:spider_eye":2,"minecraft:rotten_flesh":5,"supplementaries:ash":2,"minecraft:mutton":4,"minecraft:coal":40,"minecraft:white_wool":2,"minecraft:cobblestone":13}},"DataVersion":3465}